INSERT INTO major (id,name) VALUES (1, "mérnök informatikus");
INSERT INTO grade (id,name,major_id) VALUES (1, "1. félév", 1);
INSERT INTO grade (id,name,major_id) VALUES (2, "2. félév", 1);
INSERT INTO grade (id,name,major_id) VALUES (3, "3. félév", 1);
INSERT INTO grade (id,name,major_id) VALUES (4, "4. félév", 1);
INSERT INTO grade (id,name,major_id) VALUES (5, "5. félév", 1);
INSERT INTO grade (id,name,major_id) VALUES (6, "6. félév", 1);
INSERT INTO grade (id,name,major_id) VALUES (7, "7. félév", 1);
INSERT INTO semester_type (id,name) VALUES (1, "őszi");
INSERT INTO semester_type (id,name) VALUES (2, "tavaszi");
INSERT INTO semester (id,name,semester_type_id) VALUES (1, "2018 ősz", 1);
INSERT INTO department (id,name,short) VALUES (1, "Automatizálási és Alkalmazott Informatikai Tanszék", "AUT");
INSERT INTO department (id,name,short) VALUES (2, "Elektronikai Technológia Tanszék", "ETT");
INSERT INTO department (id,name,short) VALUES (3, "Elektronikus Eszközök Tanszéke", "EET");
INSERT INTO department (id,name,short) VALUES (4, "Hálózati Rendszerek és Szolgáltatások Tanszék", "HIT");
INSERT INTO department (id,name,short) VALUES (5, "Irányítástechnika és Informatika Tanszék", "IIT");
INSERT INTO department (id,name,short) VALUES (6, "Méréstechnika és Információs Rendszerek Tanszék", "MIT");
INSERT INTO department (id,name,short) VALUES (7, "Számítástudományi és Információelméleti Tanszék", "SZIT");
INSERT INTO department (id,name,short) VALUES (8, "Szélessávú Hírközlés és Villamosságtan Tanszék", "HVT");
INSERT INTO department (id,name,short) VALUES (9, "Távközlési és Médiainformatikai Tanszék", "TMIT");
INSERT INTO department (id,name,short) VALUES (10, "Villamos Energetika Tanszék", "VET");
INSERT INTO department (id,name,short) VALUES (11, "Bölcsész Tanszék", "BTK");
INSERT INTO department (id,name,short) VALUES (12, "Analízis Tanszék", "MAT");
INSERT INTO department (id,name,short) VALUES (13, "Fizika Tanszék", "FIZ");
INSERT INTO course (id,name,grade_id,department_id) VALUES (1, "Analízis 1", 1, 12);
INSERT INTO course (id,name,grade_id,department_id) VALUES (2, "A programozás alapjai 1", 1, 3);
INSERT INTO course (id,name,grade_id,department_id) VALUES (3, "Bevezetés a számításelméletbe 1", 1, 7);
INSERT INTO course (id,name,grade_id,department_id) VALUES (4, "Bevezető fizika", 1, 13);
INSERT INTO course (id,name,grade_id,department_id) VALUES (5, "Bevezető matematika", 1, 12);
INSERT INTO course (id,name,grade_id,department_id) VALUES (6, "Digitális technika", 1, 6);
INSERT INTO course (id,name,grade_id,department_id) VALUES (7, "Fizika 1", 1, 13);
INSERT INTO course (id,name,grade_id,department_id) VALUES (8, "Mérnök leszek", 1, 11);
INSERT INTO course (id,name,grade_id,department_id) VALUES (9, "Analízis 2", 2, 12);
INSERT INTO course (id,name,grade_id,department_id) VALUES (10, "A programozás alapjai 2", 2, 5);
INSERT INTO course (id,name,grade_id,department_id) VALUES (11, "Bevezetés a számításelméletbe 2", 2, 7);
INSERT INTO course (id,name,grade_id,department_id) VALUES (12, "Fizika 2", 2, 13);
INSERT INTO course (id,name,grade_id,department_id) VALUES (13, "Rendszermodellezés", 2, 6);
INSERT INTO course (id,name,grade_id,department_id) VALUES (14, "Számítógép architektúrák", 2, 4);
INSERT INTO course (id,name,grade_id,department_id) VALUES (15, "A programozás alapjai 3", 3, 5);
INSERT INTO course (id,name,grade_id,department_id) VALUES (16, "Adatbázisok", 3, 9);
INSERT INTO course (id,name,grade_id,department_id) VALUES (17, "Kódolástechnika", 3, 4);
INSERT INTO course (id,name,grade_id,department_id) VALUES (18, "Kommunikációs hálózatok 1", 3, 4);
INSERT INTO course (id,name,grade_id,department_id) VALUES (19, "Rendszerelmélet", 3, 8);
INSERT INTO course (id,name,grade_id,department_id) VALUES (20, "Szoftvertechnológia", 3, 5);
INSERT INTO course (id,name,grade_id,department_id) VALUES (21, "Valószínűségszámítás", 3, 7);
INSERT INTO course (id,name,grade_id,department_id) VALUES (22, "Algoritmuselmélet", 4, 7);
INSERT INTO course (id,name,grade_id,department_id) VALUES (23, "Kommunikációs hálózatok 2", 4, 9);
INSERT INTO course (id,name,grade_id,department_id) VALUES (24, "Menedzsment és vállalkozásgazdaságtan", 4, 11);
INSERT INTO course (id,name,grade_id,department_id) VALUES (25, "Operációs rendszerek", 4, 6);
INSERT INTO course (id,name,grade_id,department_id) VALUES (26, "Számítógépes grafika", 4, 5);
INSERT INTO course (id,name,grade_id,department_id) VALUES (27, "Szoftver projekt laboratórium", 4, 5);
INSERT INTO course (id,name,grade_id,department_id) VALUES (28, "Szoftvertechnikák", 4, 1);
INSERT INTO course (id,name,grade_id,department_id) VALUES (29, "IT eszközök technológiája", 5, 3);
INSERT INTO course (id,name,grade_id,department_id) VALUES (30, "Mesterséges intelligencia", 5, 6);
INSERT INTO course (id,name,grade_id,department_id) VALUES (31, "Mikro- és makroökonómia", 5, 11);
INSERT INTO course (id,name,grade_id,department_id) VALUES (32, "Mobil- és webes szoftverek", 5, 1);
INSERT INTO course (id,name,grade_id,department_id) VALUES (33, "Üzleti jog", 5, 11);
INSERT INTO course (id,name,grade_id,department_id) VALUES (34, "Informatikai rendszertervezés", 5, 6);
INSERT INTO course (id,name,grade_id,department_id) VALUES (35, "Ipari informatika", 5, 5);
INSERT INTO course (id,name,grade_id,department_id) VALUES (36, "Információs rendszerek üzemeltetése", 6, 9);
INSERT INTO course (id,name,grade_id,department_id) VALUES (37, "IT biztonság", 6, 4);
INSERT INTO course (id,name,grade_id,department_id) VALUES (38, "Alkalmazásfejlesztési környezetek", 6, 1);
INSERT INTO course (id,name,grade_id,department_id) VALUES (39, "Intelligens elosztott rendszerek", 6, 6);
INSERT INTO course (id,name,grade_id,department_id) VALUES (40, "Rendszertervezés laboratórium 1", 6, 6);
INSERT INTO course (id,name,grade_id,department_id) VALUES (41, "Deklaratív programozás", 7, 7);
INSERT INTO course (id,name,grade_id,department_id) VALUES (42, "Rendszertervezés laboratórium 2", 7, 6);
INSERT INTO class_type (id,name) VALUES (1, "előadás");
INSERT INTO class_type (id,name) VALUES (2, "gyakorlat");
INSERT INTO class_type (id,name) VALUES (3, "labor");
INSERT INTO location (id,name) VALUES (1, "A épület");
INSERT INTO location (id,name) VALUES (2, "CH épület");
INSERT INTO location (id,name) VALUES (3, "E épület");
INSERT INTO location (id,name) VALUES (4, "H épület");
INSERT INTO location (id,name) VALUES (5, "I épület");
INSERT INTO location (id,name) VALUES (6, "K épület");
INSERT INTO location (id,name) VALUES (7, "Q épület");
INSERT INTO location (id,name) VALUES (8, "R épület");
INSERT INTO location (id,name) VALUES (9, "T épület");
INSERT INTO location (id,name) VALUES (10, "V1 épület");
INSERT INTO location (id,name) VALUES (11, "F épület");
INSERT INTO room_type (id,name) VALUES (1, "előadó");
INSERT INTO room_type (id,name) VALUES (2, "gyakorlati terem");
INSERT INTO room_type (id,name) VALUES (3, "számítógépes labor");
INSERT INTO room_type (id,name) VALUES (4, "mérő labor");
INSERT INTO room (id,name,size,room_type_id,location_id) VALUES (1, "CHC14", 200, 1, 2);
INSERT INTO room (id,name,size,room_type_id,location_id) VALUES (2, "E1A", 200, 1, 3);
INSERT INTO room (id,name,size,room_type_id,location_id) VALUES (3, "E1B", 400, 1, 3);
INSERT INTO room (id,name,size,room_type_id,location_id) VALUES (4, "E1C", 300, 1, 3);
INSERT INTO room (id,name,size,room_type_id,location_id) VALUES (5, "E305c", 60, 2, 3);
INSERT INTO room (id,name,size,room_type_id,location_id) VALUES (6, "E306ab", 60, 2, 3);
INSERT INTO room (id,name,size,room_type_id,location_id) VALUES (7, "E306cd", 60, 2, 3);
INSERT INTO room (id,name,size,room_type_id,location_id) VALUES (8, "E401", 35, 2, 3);
INSERT INTO room (id,name,size,room_type_id,location_id) VALUES (9, "E402", 35, 2, 3);
INSERT INTO room (id,name,size,room_type_id,location_id) VALUES (10, "E403", 35, 2, 3);
INSERT INTO room (id,name,size,room_type_id,location_id) VALUES (11, "E404", 35, 2, 3);
INSERT INTO room (id,name,size,room_type_id,location_id) VALUES (12, "E405", 35, 2, 3);
INSERT INTO room (id,name,size,room_type_id,location_id) VALUES (13, "E406", 35, 2, 3);
INSERT INTO room (id,name,size,room_type_id,location_id) VALUES (14, "E407", 35, 2, 3);
INSERT INTO room (id,name,size,room_type_id,location_id) VALUES (15, "F29", 400, 1, 11);
INSERT INTO room (id,name,size,room_type_id,location_id) VALUES (16, "H406", 100, 1, 4);
INSERT INTO room (id,name,size,room_type_id,location_id) VALUES (17, "IB026", 200, 1, 5);
INSERT INTO room (id,name,size,room_type_id,location_id) VALUES (18, "IB027", 200, 1, 5);
INSERT INTO room (id,name,size,room_type_id,location_id) VALUES (19, "IB028", 500, 1, 5);
INSERT INTO room (id,name,size,room_type_id,location_id) VALUES (20, "IB134", 35, 2, 5);
INSERT INTO room (id,name,size,room_type_id,location_id) VALUES (21, "IB138", 35, 2, 5);
INSERT INTO room (id,name,size,room_type_id,location_id) VALUES (22, "IB139", 35, 2, 5);
INSERT INTO room (id,name,size,room_type_id,location_id) VALUES (23, "IB140", 35, 2, 5);
INSERT INTO room (id,name,size,room_type_id,location_id) VALUES (24, "IB141", 35, 2, 5);
INSERT INTO room (id,name,size,room_type_id,location_id) VALUES (25, "IB142", 35, 2, 5);
INSERT INTO room (id,name,size,room_type_id,location_id) VALUES (26, "IB144", 35, 2, 5);
INSERT INTO room (id,name,size,room_type_id,location_id) VALUES (27, "IB145", 35, 2, 5);
INSERT INTO room (id,name,size,room_type_id,location_id) VALUES (28, "IB146", 35, 2, 5);
INSERT INTO room (id,name,size,room_type_id,location_id) VALUES (29, "IB147", 35, 2, 5);
INSERT INTO room (id,name,size,room_type_id,location_id) VALUES (30, "IB310", 35, 2, 5);
INSERT INTO room (id,name,size,room_type_id,location_id) VALUES (31, "IB413", 35, 2, 5);
INSERT INTO room (id,name,size,room_type_id,location_id) VALUES (32, "IE007", 100, 1, 5);
INSERT INTO room (id,name,size,room_type_id,location_id) VALUES (33, "IE217-1", 35, 2, 5);
INSERT INTO room (id,name,size,room_type_id,location_id) VALUES (34, "IE218", 35, 2, 5);
INSERT INTO room (id,name,size,room_type_id,location_id) VALUES (35, "IE219", 35, 2, 5);
INSERT INTO room (id,name,size,room_type_id,location_id) VALUES (36, "IE220", 70, 2, 5);
INSERT INTO room (id,name,size,room_type_id,location_id) VALUES (37, "IE221", 35, 2, 5);
INSERT INTO room (id,name,size,room_type_id,location_id) VALUES (38, "IE223", 35, 2, 5);
INSERT INTO room (id,name,size,room_type_id,location_id) VALUES (39, "IE224", 35, 2, 5);
INSERT INTO room (id,name,size,room_type_id,location_id) VALUES (40, "IE226", 35, 2, 5);
INSERT INTO room (id,name,size,room_type_id,location_id) VALUES (41, "IE320", 35, 2, 5);
INSERT INTO room (id,name,size,room_type_id,location_id) VALUES (42, "IE321", 35, 2, 5);
INSERT INTO room (id,name,size,room_type_id,location_id) VALUES (43, "IL105", 35, 2, 5);
INSERT INTO room (id,name,size,room_type_id,location_id) VALUES (44, "IL407", 35, 2, 5);
INSERT INTO room (id,name,size,room_type_id,location_id) VALUES (45, "IL408", 35, 2, 5);
INSERT INTO room (id,name,size,room_type_id,location_id) VALUES (46, "K134", 100, 1, 6);
INSERT INTO room (id,name,size,room_type_id,location_id) VALUES (47, "K174", 100, 1, 6);
INSERT INTO room (id,name,size,room_type_id,location_id) VALUES (48, "KF51 (AUD.MAX)", 700, 1, 6);
INSERT INTO room (id,name,size,room_type_id,location_id) VALUES (49, "KF81", 200, 1, 6);
INSERT INTO room (id,name,size,room_type_id,location_id) VALUES (50, "KF87", 200, 1, 6);
INSERT INTO room (id,name,size,room_type_id,location_id) VALUES (51, "KF88", 200, 1, 6);
INSERT INTO room (id,name,size,room_type_id,location_id) VALUES (52, "QA240", 35, 2, 7);
INSERT INTO room (id,name,size,room_type_id,location_id) VALUES (53, "QAF14", 35, 2, 7);
INSERT INTO room (id,name,size,room_type_id,location_id) VALUES (54, "QB105", 35, 2, 7);
INSERT INTO room (id,name,size,room_type_id,location_id) VALUES (55, "QB-310", 35, 2, 7);
INSERT INTO room (id,name,size,room_type_id,location_id) VALUES (56, "QB311", 35, 2, 7);
INSERT INTO room (id,name,size,room_type_id,location_id) VALUES (57, "QB331", 35, 2, 7);
INSERT INTO room (id,name,size,room_type_id,location_id) VALUES (58, "QBF08", 80, 2, 7);
INSERT INTO room (id,name,size,room_type_id,location_id) VALUES (59, "QBF10", 80, 2, 7);
INSERT INTO room (id,name,size,room_type_id,location_id) VALUES (60, "QBF11", 80, 2, 7);
INSERT INTO room (id,name,size,room_type_id,location_id) VALUES (61, "QBF12", 200, 2, 7);
INSERT INTO room (id,name,size,room_type_id,location_id) VALUES (62, "QBF13", 80, 2, 7);
INSERT INTO room (id,name,size,room_type_id,location_id) VALUES (63, "QBP", 35, 2, 7);
INSERT INTO room (id,name,size,room_type_id,location_id) VALUES (64, "Q-I", 700, 1, 7);
INSERT INTO room (id,name,size,room_type_id,location_id) VALUES (65, "R4A", 35, 3, 8);
INSERT INTO room (id,name,size,room_type_id,location_id) VALUES (66, "R4B", 35, 3, 8);
INSERT INTO room (id,name,size,room_type_id,location_id) VALUES (67, "R4C", 35, 3, 8);
INSERT INTO room (id,name,size,room_type_id,location_id) VALUES (68, "R4I", 35, 3, 8);
INSERT INTO room (id,name,size,room_type_id,location_id) VALUES (69, "R4J", 35, 3, 8);
INSERT INTO room (id,name,size,room_type_id,location_id) VALUES (70, "R4K", 35, 3, 8);
INSERT INTO room (id,name,size,room_type_id,location_id) VALUES (71, "R4L", 35, 3, 8);
INSERT INTO room (id,name,size,room_type_id,location_id) VALUES (72, "R4M", 35, 3, 8);
INSERT INTO room (id,name,size,room_type_id,location_id) VALUES (73, "R4N", 35, 3, 8);
INSERT INTO room (id,name,size,room_type_id,location_id) VALUES (74, "R4O", 35, 3, 8);
INSERT INTO room (id,name,size,room_type_id,location_id) VALUES (75, "R4P", 35, 3, 8);
INSERT INTO room (id,name,size,room_type_id,location_id) VALUES (76, "R504", 35, 2, 8);
INSERT INTO room (id,name,size,room_type_id,location_id) VALUES (77, "R505", 35, 2, 8);
INSERT INTO room (id,name,size,room_type_id,location_id) VALUES (78, "R506", 35, 2, 8);
INSERT INTO room (id,name,size,room_type_id,location_id) VALUES (79, "R507", 35, 2, 8);
INSERT INTO room (id,name,size,room_type_id,location_id) VALUES (80, "R508", 35, 2, 8);
INSERT INTO room (id,name,size,room_type_id,location_id) VALUES (81, "R511", 35, 2, 8);
INSERT INTO room (id,name,size,room_type_id,location_id) VALUES (82, "R515", 60, 2, 8);
INSERT INTO room (id,name,size,room_type_id,location_id) VALUES (83, "R516", 35, 2, 8);
INSERT INTO room (id,name,size,room_type_id,location_id) VALUES (84, "R517", 35, 2, 8);
INSERT INTO room (id,name,size,room_type_id,location_id) VALUES (85, "T604", 35, 2, 9);
INSERT INTO room (id,name,size,room_type_id,location_id) VALUES (86, "V1109", 50, 2, 10);
INSERT INTO room (id,name,size,room_type_id,location_id) VALUES (87, "V1501", 50, 2, 10);
INSERT INTO room (id,name,size,room_type_id,location_id) VALUES (88, "V1502", 50, 2, 10);
INSERT INTO room (id,name,size,room_type_id,location_id) VALUES (89, "V1526", 50, 2, 10);
INSERT INTO class (id,name,lesson_count,regularity,maximum_student_count,class_type_id,course_id) VALUES (1, "Analízis 1 előadás", 14, "WEEKLY", 600, 1, 1);
INSERT INTO class (id,name,lesson_count,regularity,maximum_student_count,class_type_id,course_id) VALUES (2, "Analízis 1 gyakorlat", 14, "WEEKLY", 35, 2, 1);
INSERT INTO class (id,name,lesson_count,regularity,maximum_student_count,class_type_id,course_id) VALUES (3, "Analízis 1 labor", 14, "WEEKLY", 35, 3, 1);
INSERT INTO class (id,name,lesson_count,regularity,maximum_student_count,class_type_id,course_id) VALUES (4, "A programozás alapjai 1 előadás", 14, "WEEKLY", 600, 1, 2);
INSERT INTO class (id,name,lesson_count,regularity,maximum_student_count,class_type_id,course_id) VALUES (5, "A programozás alapjai 1 gyakorlat", 14, "WEEKLY", 35, 2, 2);
INSERT INTO class (id,name,lesson_count,regularity,maximum_student_count,class_type_id,course_id) VALUES (6, "A programozás alapjai 1 labor", 14, "WEEKLY", 35, 3, 2);
INSERT INTO class (id,name,lesson_count,regularity,maximum_student_count,class_type_id,course_id) VALUES (7, "Bevezetés a számításelméletbe 1 előadás", 14, "WEEKLY", 600, 1, 3);
INSERT INTO class (id,name,lesson_count,regularity,maximum_student_count,class_type_id,course_id) VALUES (8, "Bevezetés a számításelméletbe 1 gyakorlat", 14, "WEEKLY", 35, 2, 3);
INSERT INTO class (id,name,lesson_count,regularity,maximum_student_count,class_type_id,course_id) VALUES (9, "Bevezetés a számításelméletbe 1 labor", 14, "WEEKLY", 35, 3, 3);
INSERT INTO class (id,name,lesson_count,regularity,maximum_student_count,class_type_id,course_id) VALUES (10, "Bevezető fizika előadás", 14, "WEEKLY", 600, 1, 4);
INSERT INTO class (id,name,lesson_count,regularity,maximum_student_count,class_type_id,course_id) VALUES (11, "Bevezető fizika gyakorlat", 14, "WEEKLY", 35, 2, 4);
INSERT INTO class (id,name,lesson_count,regularity,maximum_student_count,class_type_id,course_id) VALUES (12, "Bevezető fizika labor", 14, "WEEKLY", 35, 3, 4);
INSERT INTO class (id,name,lesson_count,regularity,maximum_student_count,class_type_id,course_id) VALUES (13, "Bevezető matematika előadás", 14, "WEEKLY", 600, 1, 5);
INSERT INTO class (id,name,lesson_count,regularity,maximum_student_count,class_type_id,course_id) VALUES (14, "Bevezető matematika gyakorlat", 14, "WEEKLY", 35, 2, 5);
INSERT INTO class (id,name,lesson_count,regularity,maximum_student_count,class_type_id,course_id) VALUES (15, "Bevezető matematika labor", 14, "WEEKLY", 35, 3, 5);
INSERT INTO class (id,name,lesson_count,regularity,maximum_student_count,class_type_id,course_id) VALUES (16, "Digitális technika előadás", 14, "WEEKLY", 600, 1, 6);
INSERT INTO class (id,name,lesson_count,regularity,maximum_student_count,class_type_id,course_id) VALUES (17, "Digitális technika gyakorlat", 14, "WEEKLY", 35, 2, 6);
INSERT INTO class (id,name,lesson_count,regularity,maximum_student_count,class_type_id,course_id) VALUES (18, "Digitális technika labor", 14, "WEEKLY", 35, 3, 6);
INSERT INTO class (id,name,lesson_count,regularity,maximum_student_count,class_type_id,course_id) VALUES (19, "Fizika 1 előadás", 14, "WEEKLY", 600, 1, 7);
INSERT INTO class (id,name,lesson_count,regularity,maximum_student_count,class_type_id,course_id) VALUES (20, "Fizika 1 gyakorlat", 14, "WEEKLY", 35, 2, 7);
INSERT INTO class (id,name,lesson_count,regularity,maximum_student_count,class_type_id,course_id) VALUES (21, "Fizika 1 labor", 14, "WEEKLY", 35, 3, 7);
INSERT INTO class (id,name,lesson_count,regularity,maximum_student_count,class_type_id,course_id) VALUES (22, "Mérnök leszek előadás", 14, "WEEKLY", 600, 1, 8);
INSERT INTO class (id,name,lesson_count,regularity,maximum_student_count,class_type_id,course_id) VALUES (23, "Mérnök leszek gyakorlat", 14, "WEEKLY", 35, 2, 8);
INSERT INTO class (id,name,lesson_count,regularity,maximum_student_count,class_type_id,course_id) VALUES (24, "Mérnök leszek labor", 14, "WEEKLY", 35, 3, 8);
INSERT INTO class (id,name,lesson_count,regularity,maximum_student_count,class_type_id,course_id) VALUES (25, "Analízis 2 előadás", 14, "WEEKLY", 600, 1, 9);
INSERT INTO class (id,name,lesson_count,regularity,maximum_student_count,class_type_id,course_id) VALUES (26, "Analízis 2 gyakorlat", 14, "WEEKLY", 35, 2, 9);
INSERT INTO class (id,name,lesson_count,regularity,maximum_student_count,class_type_id,course_id) VALUES (27, "Analízis 2 labor", 14, "WEEKLY", 35, 3, 9);
INSERT INTO class (id,name,lesson_count,regularity,maximum_student_count,class_type_id,course_id) VALUES (28, "A programozás alapjai 2 előadás", 14, "WEEKLY", 600, 1, 10);
INSERT INTO class (id,name,lesson_count,regularity,maximum_student_count,class_type_id,course_id) VALUES (29, "A programozás alapjai 2 gyakorlat", 14, "WEEKLY", 35, 2, 10);
INSERT INTO class (id,name,lesson_count,regularity,maximum_student_count,class_type_id,course_id) VALUES (30, "A programozás alapjai 2 labor", 14, "WEEKLY", 35, 3, 10);
INSERT INTO class (id,name,lesson_count,regularity,maximum_student_count,class_type_id,course_id) VALUES (31, "Bevezetés a számításelméletbe 2 előadás", 14, "WEEKLY", 600, 1, 11);
INSERT INTO class (id,name,lesson_count,regularity,maximum_student_count,class_type_id,course_id) VALUES (32, "Bevezetés a számításelméletbe 2 gyakorlat", 14, "WEEKLY", 35, 2, 11);
INSERT INTO class (id,name,lesson_count,regularity,maximum_student_count,class_type_id,course_id) VALUES (33, "Bevezetés a számításelméletbe 2 labor", 14, "WEEKLY", 35, 3, 11);
INSERT INTO class (id,name,lesson_count,regularity,maximum_student_count,class_type_id,course_id) VALUES (34, "Fizika 2 előadás", 14, "WEEKLY", 600, 1, 12);
INSERT INTO class (id,name,lesson_count,regularity,maximum_student_count,class_type_id,course_id) VALUES (35, "Fizika 2 gyakorlat", 14, "WEEKLY", 35, 2, 12);
INSERT INTO class (id,name,lesson_count,regularity,maximum_student_count,class_type_id,course_id) VALUES (36, "Fizika 2 labor", 14, "WEEKLY", 35, 3, 12);
INSERT INTO class (id,name,lesson_count,regularity,maximum_student_count,class_type_id,course_id) VALUES (37, "Rendszermodellezés előadás", 14, "WEEKLY", 600, 1, 13);
INSERT INTO class (id,name,lesson_count,regularity,maximum_student_count,class_type_id,course_id) VALUES (38, "Rendszermodellezés gyakorlat", 14, "WEEKLY", 35, 2, 13);
INSERT INTO class (id,name,lesson_count,regularity,maximum_student_count,class_type_id,course_id) VALUES (39, "Rendszermodellezés labor", 14, "WEEKLY", 35, 3, 13);
INSERT INTO class (id,name,lesson_count,regularity,maximum_student_count,class_type_id,course_id) VALUES (40, "Számítógép architektúrák előadás", 14, "WEEKLY", 600, 1, 14);
INSERT INTO class (id,name,lesson_count,regularity,maximum_student_count,class_type_id,course_id) VALUES (41, "Számítógép architektúrák gyakorlat", 14, "WEEKLY", 35, 2, 14);
INSERT INTO class (id,name,lesson_count,regularity,maximum_student_count,class_type_id,course_id) VALUES (42, "Számítógép architektúrák labor", 14, "WEEKLY", 35, 3, 14);
INSERT INTO class (id,name,lesson_count,regularity,maximum_student_count,class_type_id,course_id) VALUES (43, "A programozás alapjai 3 előadás", 14, "WEEKLY", 600, 1, 15);
INSERT INTO class (id,name,lesson_count,regularity,maximum_student_count,class_type_id,course_id) VALUES (44, "A programozás alapjai 3 gyakorlat", 14, "WEEKLY", 35, 2, 15);
INSERT INTO class (id,name,lesson_count,regularity,maximum_student_count,class_type_id,course_id) VALUES (45, "A programozás alapjai 3 labor", 14, "WEEKLY", 35, 3, 15);
INSERT INTO class (id,name,lesson_count,regularity,maximum_student_count,class_type_id,course_id) VALUES (46, "Adatbázisok előadás", 14, "WEEKLY", 600, 1, 16);
INSERT INTO class (id,name,lesson_count,regularity,maximum_student_count,class_type_id,course_id) VALUES (47, "Adatbázisok gyakorlat", 14, "WEEKLY", 35, 2, 16);
INSERT INTO class (id,name,lesson_count,regularity,maximum_student_count,class_type_id,course_id) VALUES (48, "Adatbázisok labor", 14, "WEEKLY", 35, 3, 16);
INSERT INTO class (id,name,lesson_count,regularity,maximum_student_count,class_type_id,course_id) VALUES (49, "Kódolástechnika előadás", 14, "WEEKLY", 600, 1, 17);
INSERT INTO class (id,name,lesson_count,regularity,maximum_student_count,class_type_id,course_id) VALUES (50, "Kódolástechnika gyakorlat", 14, "WEEKLY", 35, 2, 17);
INSERT INTO class (id,name,lesson_count,regularity,maximum_student_count,class_type_id,course_id) VALUES (51, "Kódolástechnika labor", 14, "WEEKLY", 35, 3, 17);
INSERT INTO class (id,name,lesson_count,regularity,maximum_student_count,class_type_id,course_id) VALUES (52, "Kommunikációs hálózatok 1 előadás", 14, "WEEKLY", 600, 1, 18);
INSERT INTO class (id,name,lesson_count,regularity,maximum_student_count,class_type_id,course_id) VALUES (53, "Kommunikációs hálózatok 1 gyakorlat", 14, "WEEKLY", 35, 2, 18);
INSERT INTO class (id,name,lesson_count,regularity,maximum_student_count,class_type_id,course_id) VALUES (54, "Kommunikációs hálózatok 1 labor", 14, "WEEKLY", 35, 3, 18);
INSERT INTO class (id,name,lesson_count,regularity,maximum_student_count,class_type_id,course_id) VALUES (55, "Rendszerelmélet előadás", 14, "WEEKLY", 600, 1, 19);
INSERT INTO class (id,name,lesson_count,regularity,maximum_student_count,class_type_id,course_id) VALUES (56, "Rendszerelmélet gyakorlat", 14, "WEEKLY", 35, 2, 19);
INSERT INTO class (id,name,lesson_count,regularity,maximum_student_count,class_type_id,course_id) VALUES (57, "Rendszerelmélet labor", 14, "WEEKLY", 35, 3, 19);
INSERT INTO class (id,name,lesson_count,regularity,maximum_student_count,class_type_id,course_id) VALUES (58, "Szoftvertechnológia előadás", 14, "WEEKLY", 600, 1, 20);
INSERT INTO class (id,name,lesson_count,regularity,maximum_student_count,class_type_id,course_id) VALUES (59, "Szoftvertechnológia gyakorlat", 14, "WEEKLY", 35, 2, 20);
INSERT INTO class (id,name,lesson_count,regularity,maximum_student_count,class_type_id,course_id) VALUES (60, "Szoftvertechnológia labor", 14, "WEEKLY", 35, 3, 20);
INSERT INTO class (id,name,lesson_count,regularity,maximum_student_count,class_type_id,course_id) VALUES (61, "Valószínűségszámítás előadás", 14, "WEEKLY", 600, 1, 21);
INSERT INTO class (id,name,lesson_count,regularity,maximum_student_count,class_type_id,course_id) VALUES (62, "Valószínűségszámítás gyakorlat", 14, "WEEKLY", 35, 2, 21);
INSERT INTO class (id,name,lesson_count,regularity,maximum_student_count,class_type_id,course_id) VALUES (63, "Valószínűségszámítás labor", 14, "WEEKLY", 35, 3, 21);
INSERT INTO class (id,name,lesson_count,regularity,maximum_student_count,class_type_id,course_id) VALUES (64, "Algoritmuselmélet előadás", 14, "WEEKLY", 600, 1, 22);
INSERT INTO class (id,name,lesson_count,regularity,maximum_student_count,class_type_id,course_id) VALUES (65, "Algoritmuselmélet gyakorlat", 14, "WEEKLY", 35, 2, 22);
INSERT INTO class (id,name,lesson_count,regularity,maximum_student_count,class_type_id,course_id) VALUES (66, "Algoritmuselmélet labor", 14, "WEEKLY", 35, 3, 22);
INSERT INTO class (id,name,lesson_count,regularity,maximum_student_count,class_type_id,course_id) VALUES (67, "Kommunikációs hálózatok 2 előadás", 14, "WEEKLY", 600, 1, 23);
INSERT INTO class (id,name,lesson_count,regularity,maximum_student_count,class_type_id,course_id) VALUES (68, "Kommunikációs hálózatok 2 gyakorlat", 14, "WEEKLY", 35, 2, 23);
INSERT INTO class (id,name,lesson_count,regularity,maximum_student_count,class_type_id,course_id) VALUES (69, "Kommunikációs hálózatok 2 labor", 14, "WEEKLY", 35, 3, 23);
INSERT INTO class (id,name,lesson_count,regularity,maximum_student_count,class_type_id,course_id) VALUES (70, "Menedzsment és vállalkozásgazdaságtan előadás", 14, "WEEKLY", 600, 1, 24);
INSERT INTO class (id,name,lesson_count,regularity,maximum_student_count,class_type_id,course_id) VALUES (71, "Menedzsment és vállalkozásgazdaságtan gyakorlat", 14, "WEEKLY", 35, 2, 24);
INSERT INTO class (id,name,lesson_count,regularity,maximum_student_count,class_type_id,course_id) VALUES (72, "Menedzsment és vállalkozásgazdaságtan labor", 14, "WEEKLY", 35, 3, 24);
INSERT INTO class (id,name,lesson_count,regularity,maximum_student_count,class_type_id,course_id) VALUES (73, "Operációs rendszerek előadás", 14, "WEEKLY", 600, 1, 25);
INSERT INTO class (id,name,lesson_count,regularity,maximum_student_count,class_type_id,course_id) VALUES (74, "Operációs rendszerek gyakorlat", 14, "WEEKLY", 35, 2, 25);
INSERT INTO class (id,name,lesson_count,regularity,maximum_student_count,class_type_id,course_id) VALUES (75, "Operációs rendszerek labor", 14, "WEEKLY", 35, 3, 25);
INSERT INTO class (id,name,lesson_count,regularity,maximum_student_count,class_type_id,course_id) VALUES (76, "Számítógépes grafika előadás", 14, "WEEKLY", 600, 1, 26);
INSERT INTO class (id,name,lesson_count,regularity,maximum_student_count,class_type_id,course_id) VALUES (77, "Számítógépes grafika gyakorlat", 14, "WEEKLY", 35, 2, 26);
INSERT INTO class (id,name,lesson_count,regularity,maximum_student_count,class_type_id,course_id) VALUES (78, "Számítógépes grafika labor", 14, "WEEKLY", 35, 3, 26);
INSERT INTO class (id,name,lesson_count,regularity,maximum_student_count,class_type_id,course_id) VALUES (79, "Szoftver projekt laboratórium előadás", 14, "WEEKLY", 600, 1, 27);
INSERT INTO class (id,name,lesson_count,regularity,maximum_student_count,class_type_id,course_id) VALUES (80, "Szoftver projekt laboratórium gyakorlat", 14, "WEEKLY", 35, 2, 27);
INSERT INTO class (id,name,lesson_count,regularity,maximum_student_count,class_type_id,course_id) VALUES (81, "Szoftver projekt laboratórium labor", 14, "WEEKLY", 35, 3, 27);
INSERT INTO class (id,name,lesson_count,regularity,maximum_student_count,class_type_id,course_id) VALUES (82, "Szoftvertechnikák előadás", 14, "WEEKLY", 600, 1, 28);
INSERT INTO class (id,name,lesson_count,regularity,maximum_student_count,class_type_id,course_id) VALUES (83, "Szoftvertechnikák gyakorlat", 14, "WEEKLY", 35, 2, 28);
INSERT INTO class (id,name,lesson_count,regularity,maximum_student_count,class_type_id,course_id) VALUES (84, "Szoftvertechnikák labor", 14, "WEEKLY", 35, 3, 28);
INSERT INTO class (id,name,lesson_count,regularity,maximum_student_count,class_type_id,course_id) VALUES (85, "IT eszközök technológiája előadás", 14, "WEEKLY", 600, 1, 29);
INSERT INTO class (id,name,lesson_count,regularity,maximum_student_count,class_type_id,course_id) VALUES (86, "IT eszközök technológiája gyakorlat", 14, "WEEKLY", 35, 2, 29);
INSERT INTO class (id,name,lesson_count,regularity,maximum_student_count,class_type_id,course_id) VALUES (87, "IT eszközök technológiája labor", 14, "WEEKLY", 35, 3, 29);
INSERT INTO class (id,name,lesson_count,regularity,maximum_student_count,class_type_id,course_id) VALUES (88, "Mesterséges intelligencia előadás", 14, "WEEKLY", 600, 1, 30);
INSERT INTO class (id,name,lesson_count,regularity,maximum_student_count,class_type_id,course_id) VALUES (89, "Mesterséges intelligencia gyakorlat", 14, "WEEKLY", 35, 2, 30);
INSERT INTO class (id,name,lesson_count,regularity,maximum_student_count,class_type_id,course_id) VALUES (90, "Mesterséges intelligencia labor", 14, "WEEKLY", 35, 3, 30);
INSERT INTO class (id,name,lesson_count,regularity,maximum_student_count,class_type_id,course_id) VALUES (91, "Mikro- és makroökonómia előadás", 14, "WEEKLY", 600, 1, 31);
INSERT INTO class (id,name,lesson_count,regularity,maximum_student_count,class_type_id,course_id) VALUES (92, "Mikro- és makroökonómia gyakorlat", 14, "WEEKLY", 35, 2, 31);
INSERT INTO class (id,name,lesson_count,regularity,maximum_student_count,class_type_id,course_id) VALUES (93, "Mikro- és makroökonómia labor", 14, "WEEKLY", 35, 3, 31);
INSERT INTO class (id,name,lesson_count,regularity,maximum_student_count,class_type_id,course_id) VALUES (94, "Mobil- és webes szoftverek előadás", 14, "WEEKLY", 600, 1, 32);
INSERT INTO class (id,name,lesson_count,regularity,maximum_student_count,class_type_id,course_id) VALUES (95, "Mobil- és webes szoftverek gyakorlat", 14, "WEEKLY", 35, 2, 32);
INSERT INTO class (id,name,lesson_count,regularity,maximum_student_count,class_type_id,course_id) VALUES (96, "Mobil- és webes szoftverek labor", 14, "WEEKLY", 35, 3, 32);
INSERT INTO class (id,name,lesson_count,regularity,maximum_student_count,class_type_id,course_id) VALUES (97, "Üzleti jog előadás", 14, "WEEKLY", 600, 1, 33);
INSERT INTO class (id,name,lesson_count,regularity,maximum_student_count,class_type_id,course_id) VALUES (98, "Üzleti jog gyakorlat", 14, "WEEKLY", 35, 2, 33);
INSERT INTO class (id,name,lesson_count,regularity,maximum_student_count,class_type_id,course_id) VALUES (99, "Üzleti jog labor", 14, "WEEKLY", 35, 3, 33);
INSERT INTO class (id,name,lesson_count,regularity,maximum_student_count,class_type_id,course_id) VALUES (100, "Informatikai rendszertervezés előadás", 14, "WEEKLY", 600, 1, 34);
INSERT INTO class (id,name,lesson_count,regularity,maximum_student_count,class_type_id,course_id) VALUES (101, "Informatikai rendszertervezés gyakorlat", 14, "WEEKLY", 35, 2, 34);
INSERT INTO class (id,name,lesson_count,regularity,maximum_student_count,class_type_id,course_id) VALUES (102, "Informatikai rendszertervezés labor", 14, "WEEKLY", 35, 3, 34);
INSERT INTO class (id,name,lesson_count,regularity,maximum_student_count,class_type_id,course_id) VALUES (103, "Ipari informatika előadás", 14, "WEEKLY", 600, 1, 35);
INSERT INTO class (id,name,lesson_count,regularity,maximum_student_count,class_type_id,course_id) VALUES (104, "Ipari informatika gyakorlat", 14, "WEEKLY", 35, 2, 35);
INSERT INTO class (id,name,lesson_count,regularity,maximum_student_count,class_type_id,course_id) VALUES (105, "Ipari informatika labor", 14, "WEEKLY", 35, 3, 35);
INSERT INTO class (id,name,lesson_count,regularity,maximum_student_count,class_type_id,course_id) VALUES (106, "Információs rendszerek üzemeltetése előadás", 14, "WEEKLY", 600, 1, 36);
INSERT INTO class (id,name,lesson_count,regularity,maximum_student_count,class_type_id,course_id) VALUES (107, "Információs rendszerek üzemeltetése gyakorlat", 14, "WEEKLY", 35, 2, 36);
INSERT INTO class (id,name,lesson_count,regularity,maximum_student_count,class_type_id,course_id) VALUES (108, "Információs rendszerek üzemeltetése labor", 14, "WEEKLY", 35, 3, 36);
INSERT INTO class (id,name,lesson_count,regularity,maximum_student_count,class_type_id,course_id) VALUES (109, "IT biztonság előadás", 14, "WEEKLY", 600, 1, 37);
INSERT INTO class (id,name,lesson_count,regularity,maximum_student_count,class_type_id,course_id) VALUES (110, "IT biztonság gyakorlat", 14, "WEEKLY", 35, 2, 37);
INSERT INTO class (id,name,lesson_count,regularity,maximum_student_count,class_type_id,course_id) VALUES (111, "IT biztonság labor", 14, "WEEKLY", 35, 3, 37);
INSERT INTO class (id,name,lesson_count,regularity,maximum_student_count,class_type_id,course_id) VALUES (112, "Alkalmazásfejlesztési környezetek előadás", 14, "WEEKLY", 600, 1, 38);
INSERT INTO class (id,name,lesson_count,regularity,maximum_student_count,class_type_id,course_id) VALUES (113, "Alkalmazásfejlesztési környezetek gyakorlat", 14, "WEEKLY", 35, 2, 38);
INSERT INTO class (id,name,lesson_count,regularity,maximum_student_count,class_type_id,course_id) VALUES (114, "Alkalmazásfejlesztési környezetek labor", 14, "WEEKLY", 35, 3, 38);
INSERT INTO class (id,name,lesson_count,regularity,maximum_student_count,class_type_id,course_id) VALUES (115, "Intelligens elosztott rendszerek előadás", 14, "WEEKLY", 600, 1, 39);
INSERT INTO class (id,name,lesson_count,regularity,maximum_student_count,class_type_id,course_id) VALUES (116, "Intelligens elosztott rendszerek gyakorlat", 14, "WEEKLY", 35, 2, 39);
INSERT INTO class (id,name,lesson_count,regularity,maximum_student_count,class_type_id,course_id) VALUES (117, "Intelligens elosztott rendszerek labor", 14, "WEEKLY", 35, 3, 39);
INSERT INTO class (id,name,lesson_count,regularity,maximum_student_count,class_type_id,course_id) VALUES (118, "Rendszertervezés laboratórium 1 előadás", 14, "WEEKLY", 600, 1, 40);
INSERT INTO class (id,name,lesson_count,regularity,maximum_student_count,class_type_id,course_id) VALUES (119, "Rendszertervezés laboratórium 1 gyakorlat", 14, "WEEKLY", 35, 2, 40);
INSERT INTO class (id,name,lesson_count,regularity,maximum_student_count,class_type_id,course_id) VALUES (120, "Rendszertervezés laboratórium 1 labor", 14, "WEEKLY", 35, 3, 40);
INSERT INTO class (id,name,lesson_count,regularity,maximum_student_count,class_type_id,course_id) VALUES (121, "Deklaratív programozás előadás", 14, "WEEKLY", 600, 1, 41);
INSERT INTO class (id,name,lesson_count,regularity,maximum_student_count,class_type_id,course_id) VALUES (122, "Deklaratív programozás gyakorlat", 14, "WEEKLY", 35, 2, 41);
INSERT INTO class (id,name,lesson_count,regularity,maximum_student_count,class_type_id,course_id) VALUES (123, "Deklaratív programozás labor", 14, "WEEKLY", 35, 3, 41);
INSERT INTO class (id,name,lesson_count,regularity,maximum_student_count,class_type_id,course_id) VALUES (124, "Rendszertervezés laboratórium 2 előadás", 14, "WEEKLY", 600, 1, 42);
INSERT INTO class (id,name,lesson_count,regularity,maximum_student_count,class_type_id,course_id) VALUES (125, "Rendszertervezés laboratórium 2 gyakorlat", 14, "WEEKLY", 35, 2, 42);
INSERT INTO class (id,name,lesson_count,regularity,maximum_student_count,class_type_id,course_id) VALUES (126, "Rendszertervezés laboratórium 2 labor", 14, "WEEKLY", 35, 3, 42);
INSERT INTO faculty_member (id,name,department_id) VALUES (1, "AUT előadástartó 1", 1);
INSERT INTO faculty_member (id,name,department_id) VALUES (2, "AUT előadástartó 2", 1);
INSERT INTO faculty_member (id,name,department_id) VALUES (3, "AUT gyakorlattartó 1", 1);
INSERT INTO faculty_member (id,name,department_id) VALUES (4, "AUT gyakorlattartó 2", 1);
INSERT INTO faculty_member (id,name,department_id) VALUES (5, "AUT gyakorlattartó 3", 1);
INSERT INTO faculty_member (id,name,department_id) VALUES (6, "AUT gyakorlattartó 4", 1);
INSERT INTO faculty_member (id,name,department_id) VALUES (7, "AUT gyakorlattartó 5", 1);
INSERT INTO faculty_member (id,name,department_id) VALUES (8, "AUT gyakorlattartó 6", 1);
INSERT INTO faculty_member (id,name,department_id) VALUES (9, "AUT gyakorlattartó 7", 1);
INSERT INTO faculty_member (id,name,department_id) VALUES (10, "AUT gyakorlattartó 8", 1);
INSERT INTO faculty_member (id,name,department_id) VALUES (11, "AUT gyakorlattartó 9", 1);
INSERT INTO faculty_member (id,name,department_id) VALUES (12, "AUT gyakorlattartó 10", 1);
INSERT INTO faculty_member (id,name,department_id) VALUES (13, "AUT labortartó 1", 1);
INSERT INTO faculty_member (id,name,department_id) VALUES (14, "AUT labortartó 2", 1);
INSERT INTO faculty_member (id,name,department_id) VALUES (15, "AUT labortartó 3", 1);
INSERT INTO faculty_member (id,name,department_id) VALUES (16, "AUT labortartó 4", 1);
INSERT INTO faculty_member (id,name,department_id) VALUES (17, "AUT labortartó 5", 1);
INSERT INTO faculty_member (id,name,department_id) VALUES (18, "AUT labortartó 6", 1);
INSERT INTO faculty_member (id,name,department_id) VALUES (19, "AUT labortartó 7", 1);
INSERT INTO faculty_member (id,name,department_id) VALUES (20, "AUT labortartó 8", 1);
INSERT INTO faculty_member (id,name,department_id) VALUES (21, "AUT labortartó 9", 1);
INSERT INTO faculty_member (id,name,department_id) VALUES (22, "AUT labortartó 10", 1);
INSERT INTO faculty_member (id,name,department_id) VALUES (23, "ETT előadástartó 1", 2);
INSERT INTO faculty_member (id,name,department_id) VALUES (24, "ETT előadástartó 2", 2);
INSERT INTO faculty_member (id,name,department_id) VALUES (25, "ETT gyakorlattartó 1", 2);
INSERT INTO faculty_member (id,name,department_id) VALUES (26, "ETT gyakorlattartó 2", 2);
INSERT INTO faculty_member (id,name,department_id) VALUES (27, "ETT gyakorlattartó 3", 2);
INSERT INTO faculty_member (id,name,department_id) VALUES (28, "ETT gyakorlattartó 4", 2);
INSERT INTO faculty_member (id,name,department_id) VALUES (29, "ETT gyakorlattartó 5", 2);
INSERT INTO faculty_member (id,name,department_id) VALUES (30, "ETT gyakorlattartó 6", 2);
INSERT INTO faculty_member (id,name,department_id) VALUES (31, "ETT gyakorlattartó 7", 2);
INSERT INTO faculty_member (id,name,department_id) VALUES (32, "ETT gyakorlattartó 8", 2);
INSERT INTO faculty_member (id,name,department_id) VALUES (33, "ETT gyakorlattartó 9", 2);
INSERT INTO faculty_member (id,name,department_id) VALUES (34, "ETT gyakorlattartó 10", 2);
INSERT INTO faculty_member (id,name,department_id) VALUES (35, "ETT labortartó 1", 2);
INSERT INTO faculty_member (id,name,department_id) VALUES (36, "ETT labortartó 2", 2);
INSERT INTO faculty_member (id,name,department_id) VALUES (37, "ETT labortartó 3", 2);
INSERT INTO faculty_member (id,name,department_id) VALUES (38, "ETT labortartó 4", 2);
INSERT INTO faculty_member (id,name,department_id) VALUES (39, "ETT labortartó 5", 2);
INSERT INTO faculty_member (id,name,department_id) VALUES (40, "ETT labortartó 6", 2);
INSERT INTO faculty_member (id,name,department_id) VALUES (41, "ETT labortartó 7", 2);
INSERT INTO faculty_member (id,name,department_id) VALUES (42, "ETT labortartó 8", 2);
INSERT INTO faculty_member (id,name,department_id) VALUES (43, "ETT labortartó 9", 2);
INSERT INTO faculty_member (id,name,department_id) VALUES (44, "ETT labortartó 10", 2);
INSERT INTO faculty_member (id,name,department_id) VALUES (45, "EET előadástartó 1", 3);
INSERT INTO faculty_member (id,name,department_id) VALUES (46, "EET előadástartó 2", 3);
INSERT INTO faculty_member (id,name,department_id) VALUES (47, "EET gyakorlattartó 1", 3);
INSERT INTO faculty_member (id,name,department_id) VALUES (48, "EET gyakorlattartó 2", 3);
INSERT INTO faculty_member (id,name,department_id) VALUES (49, "EET gyakorlattartó 3", 3);
INSERT INTO faculty_member (id,name,department_id) VALUES (50, "EET gyakorlattartó 4", 3);
INSERT INTO faculty_member (id,name,department_id) VALUES (51, "EET gyakorlattartó 5", 3);
INSERT INTO faculty_member (id,name,department_id) VALUES (52, "EET gyakorlattartó 6", 3);
INSERT INTO faculty_member (id,name,department_id) VALUES (53, "EET gyakorlattartó 7", 3);
INSERT INTO faculty_member (id,name,department_id) VALUES (54, "EET gyakorlattartó 8", 3);
INSERT INTO faculty_member (id,name,department_id) VALUES (55, "EET gyakorlattartó 9", 3);
INSERT INTO faculty_member (id,name,department_id) VALUES (56, "EET gyakorlattartó 10", 3);
INSERT INTO faculty_member (id,name,department_id) VALUES (57, "EET labortartó 1", 3);
INSERT INTO faculty_member (id,name,department_id) VALUES (58, "EET labortartó 2", 3);
INSERT INTO faculty_member (id,name,department_id) VALUES (59, "EET labortartó 3", 3);
INSERT INTO faculty_member (id,name,department_id) VALUES (60, "EET labortartó 4", 3);
INSERT INTO faculty_member (id,name,department_id) VALUES (61, "EET labortartó 5", 3);
INSERT INTO faculty_member (id,name,department_id) VALUES (62, "EET labortartó 6", 3);
INSERT INTO faculty_member (id,name,department_id) VALUES (63, "EET labortartó 7", 3);
INSERT INTO faculty_member (id,name,department_id) VALUES (64, "EET labortartó 8", 3);
INSERT INTO faculty_member (id,name,department_id) VALUES (65, "EET labortartó 9", 3);
INSERT INTO faculty_member (id,name,department_id) VALUES (66, "EET labortartó 10", 3);
INSERT INTO faculty_member (id,name,department_id) VALUES (67, "HIT előadástartó 1", 4);
INSERT INTO faculty_member (id,name,department_id) VALUES (68, "HIT előadástartó 2", 4);
INSERT INTO faculty_member (id,name,department_id) VALUES (69, "HIT gyakorlattartó 1", 4);
INSERT INTO faculty_member (id,name,department_id) VALUES (70, "HIT gyakorlattartó 2", 4);
INSERT INTO faculty_member (id,name,department_id) VALUES (71, "HIT gyakorlattartó 3", 4);
INSERT INTO faculty_member (id,name,department_id) VALUES (72, "HIT gyakorlattartó 4", 4);
INSERT INTO faculty_member (id,name,department_id) VALUES (73, "HIT gyakorlattartó 5", 4);
INSERT INTO faculty_member (id,name,department_id) VALUES (74, "HIT gyakorlattartó 6", 4);
INSERT INTO faculty_member (id,name,department_id) VALUES (75, "HIT gyakorlattartó 7", 4);
INSERT INTO faculty_member (id,name,department_id) VALUES (76, "HIT gyakorlattartó 8", 4);
INSERT INTO faculty_member (id,name,department_id) VALUES (77, "HIT gyakorlattartó 9", 4);
INSERT INTO faculty_member (id,name,department_id) VALUES (78, "HIT gyakorlattartó 10", 4);
INSERT INTO faculty_member (id,name,department_id) VALUES (79, "HIT labortartó 1", 4);
INSERT INTO faculty_member (id,name,department_id) VALUES (80, "HIT labortartó 2", 4);
INSERT INTO faculty_member (id,name,department_id) VALUES (81, "HIT labortartó 3", 4);
INSERT INTO faculty_member (id,name,department_id) VALUES (82, "HIT labortartó 4", 4);
INSERT INTO faculty_member (id,name,department_id) VALUES (83, "HIT labortartó 5", 4);
INSERT INTO faculty_member (id,name,department_id) VALUES (84, "HIT labortartó 6", 4);
INSERT INTO faculty_member (id,name,department_id) VALUES (85, "HIT labortartó 7", 4);
INSERT INTO faculty_member (id,name,department_id) VALUES (86, "HIT labortartó 8", 4);
INSERT INTO faculty_member (id,name,department_id) VALUES (87, "HIT labortartó 9", 4);
INSERT INTO faculty_member (id,name,department_id) VALUES (88, "HIT labortartó 10", 4);
INSERT INTO faculty_member (id,name,department_id) VALUES (89, "IIT előadástartó 1", 5);
INSERT INTO faculty_member (id,name,department_id) VALUES (90, "IIT előadástartó 2", 5);
INSERT INTO faculty_member (id,name,department_id) VALUES (91, "IIT gyakorlattartó 1", 5);
INSERT INTO faculty_member (id,name,department_id) VALUES (92, "IIT gyakorlattartó 2", 5);
INSERT INTO faculty_member (id,name,department_id) VALUES (93, "IIT gyakorlattartó 3", 5);
INSERT INTO faculty_member (id,name,department_id) VALUES (94, "IIT gyakorlattartó 4", 5);
INSERT INTO faculty_member (id,name,department_id) VALUES (95, "IIT gyakorlattartó 5", 5);
INSERT INTO faculty_member (id,name,department_id) VALUES (96, "IIT gyakorlattartó 6", 5);
INSERT INTO faculty_member (id,name,department_id) VALUES (97, "IIT gyakorlattartó 7", 5);
INSERT INTO faculty_member (id,name,department_id) VALUES (98, "IIT gyakorlattartó 8", 5);
INSERT INTO faculty_member (id,name,department_id) VALUES (99, "IIT gyakorlattartó 9", 5);
INSERT INTO faculty_member (id,name,department_id) VALUES (100, "IIT gyakorlattartó 10", 5);
INSERT INTO faculty_member (id,name,department_id) VALUES (101, "IIT labortartó 1", 5);
INSERT INTO faculty_member (id,name,department_id) VALUES (102, "IIT labortartó 2", 5);
INSERT INTO faculty_member (id,name,department_id) VALUES (103, "IIT labortartó 3", 5);
INSERT INTO faculty_member (id,name,department_id) VALUES (104, "IIT labortartó 4", 5);
INSERT INTO faculty_member (id,name,department_id) VALUES (105, "IIT labortartó 5", 5);
INSERT INTO faculty_member (id,name,department_id) VALUES (106, "IIT labortartó 6", 5);
INSERT INTO faculty_member (id,name,department_id) VALUES (107, "IIT labortartó 7", 5);
INSERT INTO faculty_member (id,name,department_id) VALUES (108, "IIT labortartó 8", 5);
INSERT INTO faculty_member (id,name,department_id) VALUES (109, "IIT labortartó 9", 5);
INSERT INTO faculty_member (id,name,department_id) VALUES (110, "IIT labortartó 10", 5);
INSERT INTO faculty_member (id,name,department_id) VALUES (111, "MIT előadástartó 1", 6);
INSERT INTO faculty_member (id,name,department_id) VALUES (112, "MIT előadástartó 2", 6);
INSERT INTO faculty_member (id,name,department_id) VALUES (113, "MIT gyakorlattartó 1", 6);
INSERT INTO faculty_member (id,name,department_id) VALUES (114, "MIT gyakorlattartó 2", 6);
INSERT INTO faculty_member (id,name,department_id) VALUES (115, "MIT gyakorlattartó 3", 6);
INSERT INTO faculty_member (id,name,department_id) VALUES (116, "MIT gyakorlattartó 4", 6);
INSERT INTO faculty_member (id,name,department_id) VALUES (117, "MIT gyakorlattartó 5", 6);
INSERT INTO faculty_member (id,name,department_id) VALUES (118, "MIT gyakorlattartó 6", 6);
INSERT INTO faculty_member (id,name,department_id) VALUES (119, "MIT gyakorlattartó 7", 6);
INSERT INTO faculty_member (id,name,department_id) VALUES (120, "MIT gyakorlattartó 8", 6);
INSERT INTO faculty_member (id,name,department_id) VALUES (121, "MIT gyakorlattartó 9", 6);
INSERT INTO faculty_member (id,name,department_id) VALUES (122, "MIT gyakorlattartó 10", 6);
INSERT INTO faculty_member (id,name,department_id) VALUES (123, "MIT labortartó 1", 6);
INSERT INTO faculty_member (id,name,department_id) VALUES (124, "MIT labortartó 2", 6);
INSERT INTO faculty_member (id,name,department_id) VALUES (125, "MIT labortartó 3", 6);
INSERT INTO faculty_member (id,name,department_id) VALUES (126, "MIT labortartó 4", 6);
INSERT INTO faculty_member (id,name,department_id) VALUES (127, "MIT labortartó 5", 6);
INSERT INTO faculty_member (id,name,department_id) VALUES (128, "MIT labortartó 6", 6);
INSERT INTO faculty_member (id,name,department_id) VALUES (129, "MIT labortartó 7", 6);
INSERT INTO faculty_member (id,name,department_id) VALUES (130, "MIT labortartó 8", 6);
INSERT INTO faculty_member (id,name,department_id) VALUES (131, "MIT labortartó 9", 6);
INSERT INTO faculty_member (id,name,department_id) VALUES (132, "MIT labortartó 10", 6);
INSERT INTO faculty_member (id,name,department_id) VALUES (133, "SZIT előadástartó 1", 7);
INSERT INTO faculty_member (id,name,department_id) VALUES (134, "SZIT előadástartó 2", 7);
INSERT INTO faculty_member (id,name,department_id) VALUES (135, "SZIT gyakorlattartó 1", 7);
INSERT INTO faculty_member (id,name,department_id) VALUES (136, "SZIT gyakorlattartó 2", 7);
INSERT INTO faculty_member (id,name,department_id) VALUES (137, "SZIT gyakorlattartó 3", 7);
INSERT INTO faculty_member (id,name,department_id) VALUES (138, "SZIT gyakorlattartó 4", 7);
INSERT INTO faculty_member (id,name,department_id) VALUES (139, "SZIT gyakorlattartó 5", 7);
INSERT INTO faculty_member (id,name,department_id) VALUES (140, "SZIT gyakorlattartó 6", 7);
INSERT INTO faculty_member (id,name,department_id) VALUES (141, "SZIT gyakorlattartó 7", 7);
INSERT INTO faculty_member (id,name,department_id) VALUES (142, "SZIT gyakorlattartó 8", 7);
INSERT INTO faculty_member (id,name,department_id) VALUES (143, "SZIT gyakorlattartó 9", 7);
INSERT INTO faculty_member (id,name,department_id) VALUES (144, "SZIT gyakorlattartó 10", 7);
INSERT INTO faculty_member (id,name,department_id) VALUES (145, "SZIT labortartó 1", 7);
INSERT INTO faculty_member (id,name,department_id) VALUES (146, "SZIT labortartó 2", 7);
INSERT INTO faculty_member (id,name,department_id) VALUES (147, "SZIT labortartó 3", 7);
INSERT INTO faculty_member (id,name,department_id) VALUES (148, "SZIT labortartó 4", 7);
INSERT INTO faculty_member (id,name,department_id) VALUES (149, "SZIT labortartó 5", 7);
INSERT INTO faculty_member (id,name,department_id) VALUES (150, "SZIT labortartó 6", 7);
INSERT INTO faculty_member (id,name,department_id) VALUES (151, "SZIT labortartó 7", 7);
INSERT INTO faculty_member (id,name,department_id) VALUES (152, "SZIT labortartó 8", 7);
INSERT INTO faculty_member (id,name,department_id) VALUES (153, "SZIT labortartó 9", 7);
INSERT INTO faculty_member (id,name,department_id) VALUES (154, "SZIT labortartó 10", 7);
INSERT INTO faculty_member (id,name,department_id) VALUES (155, "HVT előadástartó 1", 8);
INSERT INTO faculty_member (id,name,department_id) VALUES (156, "HVT előadástartó 2", 8);
INSERT INTO faculty_member (id,name,department_id) VALUES (157, "HVT gyakorlattartó 1", 8);
INSERT INTO faculty_member (id,name,department_id) VALUES (158, "HVT gyakorlattartó 2", 8);
INSERT INTO faculty_member (id,name,department_id) VALUES (159, "HVT gyakorlattartó 3", 8);
INSERT INTO faculty_member (id,name,department_id) VALUES (160, "HVT gyakorlattartó 4", 8);
INSERT INTO faculty_member (id,name,department_id) VALUES (161, "HVT gyakorlattartó 5", 8);
INSERT INTO faculty_member (id,name,department_id) VALUES (162, "HVT gyakorlattartó 6", 8);
INSERT INTO faculty_member (id,name,department_id) VALUES (163, "HVT gyakorlattartó 7", 8);
INSERT INTO faculty_member (id,name,department_id) VALUES (164, "HVT gyakorlattartó 8", 8);
INSERT INTO faculty_member (id,name,department_id) VALUES (165, "HVT gyakorlattartó 9", 8);
INSERT INTO faculty_member (id,name,department_id) VALUES (166, "HVT gyakorlattartó 10", 8);
INSERT INTO faculty_member (id,name,department_id) VALUES (167, "HVT labortartó 1", 8);
INSERT INTO faculty_member (id,name,department_id) VALUES (168, "HVT labortartó 2", 8);
INSERT INTO faculty_member (id,name,department_id) VALUES (169, "HVT labortartó 3", 8);
INSERT INTO faculty_member (id,name,department_id) VALUES (170, "HVT labortartó 4", 8);
INSERT INTO faculty_member (id,name,department_id) VALUES (171, "HVT labortartó 5", 8);
INSERT INTO faculty_member (id,name,department_id) VALUES (172, "HVT labortartó 6", 8);
INSERT INTO faculty_member (id,name,department_id) VALUES (173, "HVT labortartó 7", 8);
INSERT INTO faculty_member (id,name,department_id) VALUES (174, "HVT labortartó 8", 8);
INSERT INTO faculty_member (id,name,department_id) VALUES (175, "HVT labortartó 9", 8);
INSERT INTO faculty_member (id,name,department_id) VALUES (176, "HVT labortartó 10", 8);
INSERT INTO faculty_member (id,name,department_id) VALUES (177, "TMIT előadástartó 1", 9);
INSERT INTO faculty_member (id,name,department_id) VALUES (178, "TMIT előadástartó 2", 9);
INSERT INTO faculty_member (id,name,department_id) VALUES (179, "TMIT gyakorlattartó 1", 9);
INSERT INTO faculty_member (id,name,department_id) VALUES (180, "TMIT gyakorlattartó 2", 9);
INSERT INTO faculty_member (id,name,department_id) VALUES (181, "TMIT gyakorlattartó 3", 9);
INSERT INTO faculty_member (id,name,department_id) VALUES (182, "TMIT gyakorlattartó 4", 9);
INSERT INTO faculty_member (id,name,department_id) VALUES (183, "TMIT gyakorlattartó 5", 9);
INSERT INTO faculty_member (id,name,department_id) VALUES (184, "TMIT gyakorlattartó 6", 9);
INSERT INTO faculty_member (id,name,department_id) VALUES (185, "TMIT gyakorlattartó 7", 9);
INSERT INTO faculty_member (id,name,department_id) VALUES (186, "TMIT gyakorlattartó 8", 9);
INSERT INTO faculty_member (id,name,department_id) VALUES (187, "TMIT gyakorlattartó 9", 9);
INSERT INTO faculty_member (id,name,department_id) VALUES (188, "TMIT gyakorlattartó 10", 9);
INSERT INTO faculty_member (id,name,department_id) VALUES (189, "TMIT labortartó 1", 9);
INSERT INTO faculty_member (id,name,department_id) VALUES (190, "TMIT labortartó 2", 9);
INSERT INTO faculty_member (id,name,department_id) VALUES (191, "TMIT labortartó 3", 9);
INSERT INTO faculty_member (id,name,department_id) VALUES (192, "TMIT labortartó 4", 9);
INSERT INTO faculty_member (id,name,department_id) VALUES (193, "TMIT labortartó 5", 9);
INSERT INTO faculty_member (id,name,department_id) VALUES (194, "TMIT labortartó 6", 9);
INSERT INTO faculty_member (id,name,department_id) VALUES (195, "TMIT labortartó 7", 9);
INSERT INTO faculty_member (id,name,department_id) VALUES (196, "TMIT labortartó 8", 9);
INSERT INTO faculty_member (id,name,department_id) VALUES (197, "TMIT labortartó 9", 9);
INSERT INTO faculty_member (id,name,department_id) VALUES (198, "TMIT labortartó 10", 9);
INSERT INTO faculty_member (id,name,department_id) VALUES (199, "VET előadástartó 1", 10);
INSERT INTO faculty_member (id,name,department_id) VALUES (200, "VET előadástartó 2", 10);
INSERT INTO faculty_member (id,name,department_id) VALUES (201, "VET gyakorlattartó 1", 10);
INSERT INTO faculty_member (id,name,department_id) VALUES (202, "VET gyakorlattartó 2", 10);
INSERT INTO faculty_member (id,name,department_id) VALUES (203, "VET gyakorlattartó 3", 10);
INSERT INTO faculty_member (id,name,department_id) VALUES (204, "VET gyakorlattartó 4", 10);
INSERT INTO faculty_member (id,name,department_id) VALUES (205, "VET gyakorlattartó 5", 10);
INSERT INTO faculty_member (id,name,department_id) VALUES (206, "VET gyakorlattartó 6", 10);
INSERT INTO faculty_member (id,name,department_id) VALUES (207, "VET gyakorlattartó 7", 10);
INSERT INTO faculty_member (id,name,department_id) VALUES (208, "VET gyakorlattartó 8", 10);
INSERT INTO faculty_member (id,name,department_id) VALUES (209, "VET gyakorlattartó 9", 10);
INSERT INTO faculty_member (id,name,department_id) VALUES (210, "VET gyakorlattartó 10", 10);
INSERT INTO faculty_member (id,name,department_id) VALUES (211, "VET labortartó 1", 10);
INSERT INTO faculty_member (id,name,department_id) VALUES (212, "VET labortartó 2", 10);
INSERT INTO faculty_member (id,name,department_id) VALUES (213, "VET labortartó 3", 10);
INSERT INTO faculty_member (id,name,department_id) VALUES (214, "VET labortartó 4", 10);
INSERT INTO faculty_member (id,name,department_id) VALUES (215, "VET labortartó 5", 10);
INSERT INTO faculty_member (id,name,department_id) VALUES (216, "VET labortartó 6", 10);
INSERT INTO faculty_member (id,name,department_id) VALUES (217, "VET labortartó 7", 10);
INSERT INTO faculty_member (id,name,department_id) VALUES (218, "VET labortartó 8", 10);
INSERT INTO faculty_member (id,name,department_id) VALUES (219, "VET labortartó 9", 10);
INSERT INTO faculty_member (id,name,department_id) VALUES (220, "VET labortartó 10", 10);
INSERT INTO faculty_member (id,name,department_id) VALUES (221, "BTK előadástartó 1", 11);
INSERT INTO faculty_member (id,name,department_id) VALUES (222, "BTK előadástartó 2", 11);
INSERT INTO faculty_member (id,name,department_id) VALUES (223, "BTK gyakorlattartó 1", 11);
INSERT INTO faculty_member (id,name,department_id) VALUES (224, "BTK gyakorlattartó 2", 11);
INSERT INTO faculty_member (id,name,department_id) VALUES (225, "BTK gyakorlattartó 3", 11);
INSERT INTO faculty_member (id,name,department_id) VALUES (226, "BTK gyakorlattartó 4", 11);
INSERT INTO faculty_member (id,name,department_id) VALUES (227, "BTK gyakorlattartó 5", 11);
INSERT INTO faculty_member (id,name,department_id) VALUES (228, "BTK gyakorlattartó 6", 11);
INSERT INTO faculty_member (id,name,department_id) VALUES (229, "BTK gyakorlattartó 7", 11);
INSERT INTO faculty_member (id,name,department_id) VALUES (230, "BTK gyakorlattartó 8", 11);
INSERT INTO faculty_member (id,name,department_id) VALUES (231, "BTK gyakorlattartó 9", 11);
INSERT INTO faculty_member (id,name,department_id) VALUES (232, "BTK gyakorlattartó 10", 11);
INSERT INTO faculty_member (id,name,department_id) VALUES (233, "BTK labortartó 1", 11);
INSERT INTO faculty_member (id,name,department_id) VALUES (234, "BTK labortartó 2", 11);
INSERT INTO faculty_member (id,name,department_id) VALUES (235, "BTK labortartó 3", 11);
INSERT INTO faculty_member (id,name,department_id) VALUES (236, "BTK labortartó 4", 11);
INSERT INTO faculty_member (id,name,department_id) VALUES (237, "BTK labortartó 5", 11);
INSERT INTO faculty_member (id,name,department_id) VALUES (238, "BTK labortartó 6", 11);
INSERT INTO faculty_member (id,name,department_id) VALUES (239, "BTK labortartó 7", 11);
INSERT INTO faculty_member (id,name,department_id) VALUES (240, "BTK labortartó 8", 11);
INSERT INTO faculty_member (id,name,department_id) VALUES (241, "BTK labortartó 9", 11);
INSERT INTO faculty_member (id,name,department_id) VALUES (242, "BTK labortartó 10", 11);
INSERT INTO faculty_member (id,name,department_id) VALUES (243, "MAT előadástartó 1", 12);
INSERT INTO faculty_member (id,name,department_id) VALUES (244, "MAT előadástartó 2", 12);
INSERT INTO faculty_member (id,name,department_id) VALUES (245, "MAT gyakorlattartó 1", 12);
INSERT INTO faculty_member (id,name,department_id) VALUES (246, "MAT gyakorlattartó 2", 12);
INSERT INTO faculty_member (id,name,department_id) VALUES (247, "MAT gyakorlattartó 3", 12);
INSERT INTO faculty_member (id,name,department_id) VALUES (248, "MAT gyakorlattartó 4", 12);
INSERT INTO faculty_member (id,name,department_id) VALUES (249, "MAT gyakorlattartó 5", 12);
INSERT INTO faculty_member (id,name,department_id) VALUES (250, "MAT gyakorlattartó 6", 12);
INSERT INTO faculty_member (id,name,department_id) VALUES (251, "MAT gyakorlattartó 7", 12);
INSERT INTO faculty_member (id,name,department_id) VALUES (252, "MAT gyakorlattartó 8", 12);
INSERT INTO faculty_member (id,name,department_id) VALUES (253, "MAT gyakorlattartó 9", 12);
INSERT INTO faculty_member (id,name,department_id) VALUES (254, "MAT gyakorlattartó 10", 12);
INSERT INTO faculty_member (id,name,department_id) VALUES (255, "MAT labortartó 1", 12);
INSERT INTO faculty_member (id,name,department_id) VALUES (256, "MAT labortartó 2", 12);
INSERT INTO faculty_member (id,name,department_id) VALUES (257, "MAT labortartó 3", 12);
INSERT INTO faculty_member (id,name,department_id) VALUES (258, "MAT labortartó 4", 12);
INSERT INTO faculty_member (id,name,department_id) VALUES (259, "MAT labortartó 5", 12);
INSERT INTO faculty_member (id,name,department_id) VALUES (260, "MAT labortartó 6", 12);
INSERT INTO faculty_member (id,name,department_id) VALUES (261, "MAT labortartó 7", 12);
INSERT INTO faculty_member (id,name,department_id) VALUES (262, "MAT labortartó 8", 12);
INSERT INTO faculty_member (id,name,department_id) VALUES (263, "MAT labortartó 9", 12);
INSERT INTO faculty_member (id,name,department_id) VALUES (264, "MAT labortartó 10", 12);
INSERT INTO faculty_member (id,name,department_id) VALUES (265, "FIZ előadástartó 1", 13);
INSERT INTO faculty_member (id,name,department_id) VALUES (266, "FIZ előadástartó 2", 13);
INSERT INTO faculty_member (id,name,department_id) VALUES (267, "FIZ gyakorlattartó 1", 13);
INSERT INTO faculty_member (id,name,department_id) VALUES (268, "FIZ gyakorlattartó 2", 13);
INSERT INTO faculty_member (id,name,department_id) VALUES (269, "FIZ gyakorlattartó 3", 13);
INSERT INTO faculty_member (id,name,department_id) VALUES (270, "FIZ gyakorlattartó 4", 13);
INSERT INTO faculty_member (id,name,department_id) VALUES (271, "FIZ gyakorlattartó 5", 13);
INSERT INTO faculty_member (id,name,department_id) VALUES (272, "FIZ gyakorlattartó 6", 13);
INSERT INTO faculty_member (id,name,department_id) VALUES (273, "FIZ gyakorlattartó 7", 13);
INSERT INTO faculty_member (id,name,department_id) VALUES (274, "FIZ gyakorlattartó 8", 13);
INSERT INTO faculty_member (id,name,department_id) VALUES (275, "FIZ gyakorlattartó 9", 13);
INSERT INTO faculty_member (id,name,department_id) VALUES (276, "FIZ gyakorlattartó 10", 13);
INSERT INTO faculty_member (id,name,department_id) VALUES (277, "FIZ labortartó 1", 13);
INSERT INTO faculty_member (id,name,department_id) VALUES (278, "FIZ labortartó 2", 13);
INSERT INTO faculty_member (id,name,department_id) VALUES (279, "FIZ labortartó 3", 13);
INSERT INTO faculty_member (id,name,department_id) VALUES (280, "FIZ labortartó 4", 13);
INSERT INTO faculty_member (id,name,department_id) VALUES (281, "FIZ labortartó 5", 13);
INSERT INTO faculty_member (id,name,department_id) VALUES (282, "FIZ labortartó 6", 13);
INSERT INTO faculty_member (id,name,department_id) VALUES (283, "FIZ labortartó 7", 13);
INSERT INTO faculty_member (id,name,department_id) VALUES (284, "FIZ labortartó 8", 13);
INSERT INTO faculty_member (id,name,department_id) VALUES (285, "FIZ labortartó 9", 13);
INSERT INTO faculty_member (id,name,department_id) VALUES (286, "FIZ labortartó 10", 13);
INSERT INTO license (id,course_id,class_type_id,faculty_member_id) VALUES (1, 28, 1, 1);
INSERT INTO license (id,course_id,class_type_id,faculty_member_id) VALUES (2, 32, 1, 1);
INSERT INTO license (id,course_id,class_type_id,faculty_member_id) VALUES (3, 38, 1, 1);
INSERT INTO license (id,course_id,class_type_id,faculty_member_id) VALUES (4, 28, 1, 2);
INSERT INTO license (id,course_id,class_type_id,faculty_member_id) VALUES (5, 32, 1, 2);
INSERT INTO license (id,course_id,class_type_id,faculty_member_id) VALUES (6, 38, 1, 2);
INSERT INTO license (id,course_id,class_type_id,faculty_member_id) VALUES (7, 28, 2, 3);
INSERT INTO license (id,course_id,class_type_id,faculty_member_id) VALUES (8, 32, 2, 3);
INSERT INTO license (id,course_id,class_type_id,faculty_member_id) VALUES (9, 38, 2, 3);
INSERT INTO license (id,course_id,class_type_id,faculty_member_id) VALUES (10, 28, 2, 4);
INSERT INTO license (id,course_id,class_type_id,faculty_member_id) VALUES (11, 32, 2, 4);
INSERT INTO license (id,course_id,class_type_id,faculty_member_id) VALUES (12, 38, 2, 4);
INSERT INTO license (id,course_id,class_type_id,faculty_member_id) VALUES (13, 28, 2, 5);
INSERT INTO license (id,course_id,class_type_id,faculty_member_id) VALUES (14, 32, 2, 5);
INSERT INTO license (id,course_id,class_type_id,faculty_member_id) VALUES (15, 38, 2, 5);
INSERT INTO license (id,course_id,class_type_id,faculty_member_id) VALUES (16, 28, 2, 6);
INSERT INTO license (id,course_id,class_type_id,faculty_member_id) VALUES (17, 32, 2, 6);
INSERT INTO license (id,course_id,class_type_id,faculty_member_id) VALUES (18, 38, 2, 6);
INSERT INTO license (id,course_id,class_type_id,faculty_member_id) VALUES (19, 28, 2, 7);
INSERT INTO license (id,course_id,class_type_id,faculty_member_id) VALUES (20, 32, 2, 7);
INSERT INTO license (id,course_id,class_type_id,faculty_member_id) VALUES (21, 38, 2, 7);
INSERT INTO license (id,course_id,class_type_id,faculty_member_id) VALUES (22, 28, 2, 8);
INSERT INTO license (id,course_id,class_type_id,faculty_member_id) VALUES (23, 32, 2, 8);
INSERT INTO license (id,course_id,class_type_id,faculty_member_id) VALUES (24, 38, 2, 8);
INSERT INTO license (id,course_id,class_type_id,faculty_member_id) VALUES (25, 28, 2, 9);
INSERT INTO license (id,course_id,class_type_id,faculty_member_id) VALUES (26, 32, 2, 9);
INSERT INTO license (id,course_id,class_type_id,faculty_member_id) VALUES (27, 38, 2, 9);
INSERT INTO license (id,course_id,class_type_id,faculty_member_id) VALUES (28, 28, 2, 10);
INSERT INTO license (id,course_id,class_type_id,faculty_member_id) VALUES (29, 32, 2, 10);
INSERT INTO license (id,course_id,class_type_id,faculty_member_id) VALUES (30, 38, 2, 10);
INSERT INTO license (id,course_id,class_type_id,faculty_member_id) VALUES (31, 28, 2, 11);
INSERT INTO license (id,course_id,class_type_id,faculty_member_id) VALUES (32, 32, 2, 11);
INSERT INTO license (id,course_id,class_type_id,faculty_member_id) VALUES (33, 38, 2, 11);
INSERT INTO license (id,course_id,class_type_id,faculty_member_id) VALUES (34, 28, 2, 12);
INSERT INTO license (id,course_id,class_type_id,faculty_member_id) VALUES (35, 32, 2, 12);
INSERT INTO license (id,course_id,class_type_id,faculty_member_id) VALUES (36, 38, 2, 12);
INSERT INTO license (id,course_id,class_type_id,faculty_member_id) VALUES (37, 28, 3, 13);
INSERT INTO license (id,course_id,class_type_id,faculty_member_id) VALUES (38, 32, 3, 13);
INSERT INTO license (id,course_id,class_type_id,faculty_member_id) VALUES (39, 38, 3, 13);
INSERT INTO license (id,course_id,class_type_id,faculty_member_id) VALUES (40, 28, 3, 14);
INSERT INTO license (id,course_id,class_type_id,faculty_member_id) VALUES (41, 32, 3, 14);
INSERT INTO license (id,course_id,class_type_id,faculty_member_id) VALUES (42, 38, 3, 14);
INSERT INTO license (id,course_id,class_type_id,faculty_member_id) VALUES (43, 28, 3, 15);
INSERT INTO license (id,course_id,class_type_id,faculty_member_id) VALUES (44, 32, 3, 15);
INSERT INTO license (id,course_id,class_type_id,faculty_member_id) VALUES (45, 38, 3, 15);
INSERT INTO license (id,course_id,class_type_id,faculty_member_id) VALUES (46, 28, 3, 16);
INSERT INTO license (id,course_id,class_type_id,faculty_member_id) VALUES (47, 32, 3, 16);
INSERT INTO license (id,course_id,class_type_id,faculty_member_id) VALUES (48, 38, 3, 16);
INSERT INTO license (id,course_id,class_type_id,faculty_member_id) VALUES (49, 28, 3, 17);
INSERT INTO license (id,course_id,class_type_id,faculty_member_id) VALUES (50, 32, 3, 17);
INSERT INTO license (id,course_id,class_type_id,faculty_member_id) VALUES (51, 38, 3, 17);
INSERT INTO license (id,course_id,class_type_id,faculty_member_id) VALUES (52, 28, 3, 18);
INSERT INTO license (id,course_id,class_type_id,faculty_member_id) VALUES (53, 32, 3, 18);
INSERT INTO license (id,course_id,class_type_id,faculty_member_id) VALUES (54, 38, 3, 18);
INSERT INTO license (id,course_id,class_type_id,faculty_member_id) VALUES (55, 28, 3, 19);
INSERT INTO license (id,course_id,class_type_id,faculty_member_id) VALUES (56, 32, 3, 19);
INSERT INTO license (id,course_id,class_type_id,faculty_member_id) VALUES (57, 38, 3, 19);
INSERT INTO license (id,course_id,class_type_id,faculty_member_id) VALUES (58, 28, 3, 20);
INSERT INTO license (id,course_id,class_type_id,faculty_member_id) VALUES (59, 32, 3, 20);
INSERT INTO license (id,course_id,class_type_id,faculty_member_id) VALUES (60, 38, 3, 20);
INSERT INTO license (id,course_id,class_type_id,faculty_member_id) VALUES (61, 28, 3, 21);
INSERT INTO license (id,course_id,class_type_id,faculty_member_id) VALUES (62, 32, 3, 21);
INSERT INTO license (id,course_id,class_type_id,faculty_member_id) VALUES (63, 38, 3, 21);
INSERT INTO license (id,course_id,class_type_id,faculty_member_id) VALUES (64, 28, 3, 22);
INSERT INTO license (id,course_id,class_type_id,faculty_member_id) VALUES (65, 32, 3, 22);
INSERT INTO license (id,course_id,class_type_id,faculty_member_id) VALUES (66, 38, 3, 22);
INSERT INTO license (id,course_id,class_type_id,faculty_member_id) VALUES (67, 2, 1, 45);
INSERT INTO license (id,course_id,class_type_id,faculty_member_id) VALUES (68, 29, 1, 45);
INSERT INTO license (id,course_id,class_type_id,faculty_member_id) VALUES (69, 2, 1, 46);
INSERT INTO license (id,course_id,class_type_id,faculty_member_id) VALUES (70, 29, 1, 46);
INSERT INTO license (id,course_id,class_type_id,faculty_member_id) VALUES (71, 2, 2, 47);
INSERT INTO license (id,course_id,class_type_id,faculty_member_id) VALUES (72, 29, 2, 47);
INSERT INTO license (id,course_id,class_type_id,faculty_member_id) VALUES (73, 2, 2, 48);
INSERT INTO license (id,course_id,class_type_id,faculty_member_id) VALUES (74, 29, 2, 48);
INSERT INTO license (id,course_id,class_type_id,faculty_member_id) VALUES (75, 2, 2, 49);
INSERT INTO license (id,course_id,class_type_id,faculty_member_id) VALUES (76, 29, 2, 49);
INSERT INTO license (id,course_id,class_type_id,faculty_member_id) VALUES (77, 2, 2, 50);
INSERT INTO license (id,course_id,class_type_id,faculty_member_id) VALUES (78, 29, 2, 50);
INSERT INTO license (id,course_id,class_type_id,faculty_member_id) VALUES (79, 2, 2, 51);
INSERT INTO license (id,course_id,class_type_id,faculty_member_id) VALUES (80, 29, 2, 51);
INSERT INTO license (id,course_id,class_type_id,faculty_member_id) VALUES (81, 2, 2, 52);
INSERT INTO license (id,course_id,class_type_id,faculty_member_id) VALUES (82, 29, 2, 52);
INSERT INTO license (id,course_id,class_type_id,faculty_member_id) VALUES (83, 2, 2, 53);
INSERT INTO license (id,course_id,class_type_id,faculty_member_id) VALUES (84, 29, 2, 53);
INSERT INTO license (id,course_id,class_type_id,faculty_member_id) VALUES (85, 2, 2, 54);
INSERT INTO license (id,course_id,class_type_id,faculty_member_id) VALUES (86, 29, 2, 54);
INSERT INTO license (id,course_id,class_type_id,faculty_member_id) VALUES (87, 2, 2, 55);
INSERT INTO license (id,course_id,class_type_id,faculty_member_id) VALUES (88, 29, 2, 55);
INSERT INTO license (id,course_id,class_type_id,faculty_member_id) VALUES (89, 2, 2, 56);
INSERT INTO license (id,course_id,class_type_id,faculty_member_id) VALUES (90, 29, 2, 56);
INSERT INTO license (id,course_id,class_type_id,faculty_member_id) VALUES (91, 2, 3, 57);
INSERT INTO license (id,course_id,class_type_id,faculty_member_id) VALUES (92, 29, 3, 57);
INSERT INTO license (id,course_id,class_type_id,faculty_member_id) VALUES (93, 2, 3, 58);
INSERT INTO license (id,course_id,class_type_id,faculty_member_id) VALUES (94, 29, 3, 58);
INSERT INTO license (id,course_id,class_type_id,faculty_member_id) VALUES (95, 2, 3, 59);
INSERT INTO license (id,course_id,class_type_id,faculty_member_id) VALUES (96, 29, 3, 59);
INSERT INTO license (id,course_id,class_type_id,faculty_member_id) VALUES (97, 2, 3, 60);
INSERT INTO license (id,course_id,class_type_id,faculty_member_id) VALUES (98, 29, 3, 60);
INSERT INTO license (id,course_id,class_type_id,faculty_member_id) VALUES (99, 2, 3, 61);
INSERT INTO license (id,course_id,class_type_id,faculty_member_id) VALUES (100, 29, 3, 61);
INSERT INTO license (id,course_id,class_type_id,faculty_member_id) VALUES (101, 2, 3, 62);
INSERT INTO license (id,course_id,class_type_id,faculty_member_id) VALUES (102, 29, 3, 62);
INSERT INTO license (id,course_id,class_type_id,faculty_member_id) VALUES (103, 2, 3, 63);
INSERT INTO license (id,course_id,class_type_id,faculty_member_id) VALUES (104, 29, 3, 63);
INSERT INTO license (id,course_id,class_type_id,faculty_member_id) VALUES (105, 2, 3, 64);
INSERT INTO license (id,course_id,class_type_id,faculty_member_id) VALUES (106, 29, 3, 64);
INSERT INTO license (id,course_id,class_type_id,faculty_member_id) VALUES (107, 2, 3, 65);
INSERT INTO license (id,course_id,class_type_id,faculty_member_id) VALUES (108, 29, 3, 65);
INSERT INTO license (id,course_id,class_type_id,faculty_member_id) VALUES (109, 2, 3, 66);
INSERT INTO license (id,course_id,class_type_id,faculty_member_id) VALUES (110, 29, 3, 66);
INSERT INTO license (id,course_id,class_type_id,faculty_member_id) VALUES (111, 14, 1, 67);
INSERT INTO license (id,course_id,class_type_id,faculty_member_id) VALUES (112, 17, 1, 67);
INSERT INTO license (id,course_id,class_type_id,faculty_member_id) VALUES (113, 18, 1, 67);
INSERT INTO license (id,course_id,class_type_id,faculty_member_id) VALUES (114, 37, 1, 67);
INSERT INTO license (id,course_id,class_type_id,faculty_member_id) VALUES (115, 14, 1, 68);
INSERT INTO license (id,course_id,class_type_id,faculty_member_id) VALUES (116, 17, 1, 68);
INSERT INTO license (id,course_id,class_type_id,faculty_member_id) VALUES (117, 18, 1, 68);
INSERT INTO license (id,course_id,class_type_id,faculty_member_id) VALUES (118, 37, 1, 68);
INSERT INTO license (id,course_id,class_type_id,faculty_member_id) VALUES (119, 14, 2, 69);
INSERT INTO license (id,course_id,class_type_id,faculty_member_id) VALUES (120, 17, 2, 69);
INSERT INTO license (id,course_id,class_type_id,faculty_member_id) VALUES (121, 18, 2, 69);
INSERT INTO license (id,course_id,class_type_id,faculty_member_id) VALUES (122, 37, 2, 69);
INSERT INTO license (id,course_id,class_type_id,faculty_member_id) VALUES (123, 14, 2, 70);
INSERT INTO license (id,course_id,class_type_id,faculty_member_id) VALUES (124, 17, 2, 70);
INSERT INTO license (id,course_id,class_type_id,faculty_member_id) VALUES (125, 18, 2, 70);
INSERT INTO license (id,course_id,class_type_id,faculty_member_id) VALUES (126, 37, 2, 70);
INSERT INTO license (id,course_id,class_type_id,faculty_member_id) VALUES (127, 14, 2, 71);
INSERT INTO license (id,course_id,class_type_id,faculty_member_id) VALUES (128, 17, 2, 71);
INSERT INTO license (id,course_id,class_type_id,faculty_member_id) VALUES (129, 18, 2, 71);
INSERT INTO license (id,course_id,class_type_id,faculty_member_id) VALUES (130, 37, 2, 71);
INSERT INTO license (id,course_id,class_type_id,faculty_member_id) VALUES (131, 14, 2, 72);
INSERT INTO license (id,course_id,class_type_id,faculty_member_id) VALUES (132, 17, 2, 72);
INSERT INTO license (id,course_id,class_type_id,faculty_member_id) VALUES (133, 18, 2, 72);
INSERT INTO license (id,course_id,class_type_id,faculty_member_id) VALUES (134, 37, 2, 72);
INSERT INTO license (id,course_id,class_type_id,faculty_member_id) VALUES (135, 14, 2, 73);
INSERT INTO license (id,course_id,class_type_id,faculty_member_id) VALUES (136, 17, 2, 73);
INSERT INTO license (id,course_id,class_type_id,faculty_member_id) VALUES (137, 18, 2, 73);
INSERT INTO license (id,course_id,class_type_id,faculty_member_id) VALUES (138, 37, 2, 73);
INSERT INTO license (id,course_id,class_type_id,faculty_member_id) VALUES (139, 14, 2, 74);
INSERT INTO license (id,course_id,class_type_id,faculty_member_id) VALUES (140, 17, 2, 74);
INSERT INTO license (id,course_id,class_type_id,faculty_member_id) VALUES (141, 18, 2, 74);
INSERT INTO license (id,course_id,class_type_id,faculty_member_id) VALUES (142, 37, 2, 74);
INSERT INTO license (id,course_id,class_type_id,faculty_member_id) VALUES (143, 14, 2, 75);
INSERT INTO license (id,course_id,class_type_id,faculty_member_id) VALUES (144, 17, 2, 75);
INSERT INTO license (id,course_id,class_type_id,faculty_member_id) VALUES (145, 18, 2, 75);
INSERT INTO license (id,course_id,class_type_id,faculty_member_id) VALUES (146, 37, 2, 75);
INSERT INTO license (id,course_id,class_type_id,faculty_member_id) VALUES (147, 14, 2, 76);
INSERT INTO license (id,course_id,class_type_id,faculty_member_id) VALUES (148, 17, 2, 76);
INSERT INTO license (id,course_id,class_type_id,faculty_member_id) VALUES (149, 18, 2, 76);
INSERT INTO license (id,course_id,class_type_id,faculty_member_id) VALUES (150, 37, 2, 76);
INSERT INTO license (id,course_id,class_type_id,faculty_member_id) VALUES (151, 14, 2, 77);
INSERT INTO license (id,course_id,class_type_id,faculty_member_id) VALUES (152, 17, 2, 77);
INSERT INTO license (id,course_id,class_type_id,faculty_member_id) VALUES (153, 18, 2, 77);
INSERT INTO license (id,course_id,class_type_id,faculty_member_id) VALUES (154, 37, 2, 77);
INSERT INTO license (id,course_id,class_type_id,faculty_member_id) VALUES (155, 14, 2, 78);
INSERT INTO license (id,course_id,class_type_id,faculty_member_id) VALUES (156, 17, 2, 78);
INSERT INTO license (id,course_id,class_type_id,faculty_member_id) VALUES (157, 18, 2, 78);
INSERT INTO license (id,course_id,class_type_id,faculty_member_id) VALUES (158, 37, 2, 78);
INSERT INTO license (id,course_id,class_type_id,faculty_member_id) VALUES (159, 14, 3, 79);
INSERT INTO license (id,course_id,class_type_id,faculty_member_id) VALUES (160, 17, 3, 79);
INSERT INTO license (id,course_id,class_type_id,faculty_member_id) VALUES (161, 18, 3, 79);
INSERT INTO license (id,course_id,class_type_id,faculty_member_id) VALUES (162, 37, 3, 79);
INSERT INTO license (id,course_id,class_type_id,faculty_member_id) VALUES (163, 14, 3, 80);
INSERT INTO license (id,course_id,class_type_id,faculty_member_id) VALUES (164, 17, 3, 80);
INSERT INTO license (id,course_id,class_type_id,faculty_member_id) VALUES (165, 18, 3, 80);
INSERT INTO license (id,course_id,class_type_id,faculty_member_id) VALUES (166, 37, 3, 80);
INSERT INTO license (id,course_id,class_type_id,faculty_member_id) VALUES (167, 14, 3, 81);
INSERT INTO license (id,course_id,class_type_id,faculty_member_id) VALUES (168, 17, 3, 81);
INSERT INTO license (id,course_id,class_type_id,faculty_member_id) VALUES (169, 18, 3, 81);
INSERT INTO license (id,course_id,class_type_id,faculty_member_id) VALUES (170, 37, 3, 81);
INSERT INTO license (id,course_id,class_type_id,faculty_member_id) VALUES (171, 14, 3, 82);
INSERT INTO license (id,course_id,class_type_id,faculty_member_id) VALUES (172, 17, 3, 82);
INSERT INTO license (id,course_id,class_type_id,faculty_member_id) VALUES (173, 18, 3, 82);
INSERT INTO license (id,course_id,class_type_id,faculty_member_id) VALUES (174, 37, 3, 82);
INSERT INTO license (id,course_id,class_type_id,faculty_member_id) VALUES (175, 14, 3, 83);
INSERT INTO license (id,course_id,class_type_id,faculty_member_id) VALUES (176, 17, 3, 83);
INSERT INTO license (id,course_id,class_type_id,faculty_member_id) VALUES (177, 18, 3, 83);
INSERT INTO license (id,course_id,class_type_id,faculty_member_id) VALUES (178, 37, 3, 83);
INSERT INTO license (id,course_id,class_type_id,faculty_member_id) VALUES (179, 14, 3, 84);
INSERT INTO license (id,course_id,class_type_id,faculty_member_id) VALUES (180, 17, 3, 84);
INSERT INTO license (id,course_id,class_type_id,faculty_member_id) VALUES (181, 18, 3, 84);
INSERT INTO license (id,course_id,class_type_id,faculty_member_id) VALUES (182, 37, 3, 84);
INSERT INTO license (id,course_id,class_type_id,faculty_member_id) VALUES (183, 14, 3, 85);
INSERT INTO license (id,course_id,class_type_id,faculty_member_id) VALUES (184, 17, 3, 85);
INSERT INTO license (id,course_id,class_type_id,faculty_member_id) VALUES (185, 18, 3, 85);
INSERT INTO license (id,course_id,class_type_id,faculty_member_id) VALUES (186, 37, 3, 85);
INSERT INTO license (id,course_id,class_type_id,faculty_member_id) VALUES (187, 14, 3, 86);
INSERT INTO license (id,course_id,class_type_id,faculty_member_id) VALUES (188, 17, 3, 86);
INSERT INTO license (id,course_id,class_type_id,faculty_member_id) VALUES (189, 18, 3, 86);
INSERT INTO license (id,course_id,class_type_id,faculty_member_id) VALUES (190, 37, 3, 86);
INSERT INTO license (id,course_id,class_type_id,faculty_member_id) VALUES (191, 14, 3, 87);
INSERT INTO license (id,course_id,class_type_id,faculty_member_id) VALUES (192, 17, 3, 87);
INSERT INTO license (id,course_id,class_type_id,faculty_member_id) VALUES (193, 18, 3, 87);
INSERT INTO license (id,course_id,class_type_id,faculty_member_id) VALUES (194, 37, 3, 87);
INSERT INTO license (id,course_id,class_type_id,faculty_member_id) VALUES (195, 14, 3, 88);
INSERT INTO license (id,course_id,class_type_id,faculty_member_id) VALUES (196, 17, 3, 88);
INSERT INTO license (id,course_id,class_type_id,faculty_member_id) VALUES (197, 18, 3, 88);
INSERT INTO license (id,course_id,class_type_id,faculty_member_id) VALUES (198, 37, 3, 88);
INSERT INTO license (id,course_id,class_type_id,faculty_member_id) VALUES (199, 10, 1, 89);
INSERT INTO license (id,course_id,class_type_id,faculty_member_id) VALUES (200, 15, 1, 89);
INSERT INTO license (id,course_id,class_type_id,faculty_member_id) VALUES (201, 20, 1, 89);
INSERT INTO license (id,course_id,class_type_id,faculty_member_id) VALUES (202, 26, 1, 89);
INSERT INTO license (id,course_id,class_type_id,faculty_member_id) VALUES (203, 27, 1, 89);
INSERT INTO license (id,course_id,class_type_id,faculty_member_id) VALUES (204, 35, 1, 89);
INSERT INTO license (id,course_id,class_type_id,faculty_member_id) VALUES (205, 10, 1, 90);
INSERT INTO license (id,course_id,class_type_id,faculty_member_id) VALUES (206, 15, 1, 90);
INSERT INTO license (id,course_id,class_type_id,faculty_member_id) VALUES (207, 20, 1, 90);
INSERT INTO license (id,course_id,class_type_id,faculty_member_id) VALUES (208, 26, 1, 90);
INSERT INTO license (id,course_id,class_type_id,faculty_member_id) VALUES (209, 27, 1, 90);
INSERT INTO license (id,course_id,class_type_id,faculty_member_id) VALUES (210, 35, 1, 90);
INSERT INTO license (id,course_id,class_type_id,faculty_member_id) VALUES (211, 10, 2, 91);
INSERT INTO license (id,course_id,class_type_id,faculty_member_id) VALUES (212, 15, 2, 91);
INSERT INTO license (id,course_id,class_type_id,faculty_member_id) VALUES (213, 20, 2, 91);
INSERT INTO license (id,course_id,class_type_id,faculty_member_id) VALUES (214, 26, 2, 91);
INSERT INTO license (id,course_id,class_type_id,faculty_member_id) VALUES (215, 27, 2, 91);
INSERT INTO license (id,course_id,class_type_id,faculty_member_id) VALUES (216, 35, 2, 91);
INSERT INTO license (id,course_id,class_type_id,faculty_member_id) VALUES (217, 10, 2, 92);
INSERT INTO license (id,course_id,class_type_id,faculty_member_id) VALUES (218, 15, 2, 92);
INSERT INTO license (id,course_id,class_type_id,faculty_member_id) VALUES (219, 20, 2, 92);
INSERT INTO license (id,course_id,class_type_id,faculty_member_id) VALUES (220, 26, 2, 92);
INSERT INTO license (id,course_id,class_type_id,faculty_member_id) VALUES (221, 27, 2, 92);
INSERT INTO license (id,course_id,class_type_id,faculty_member_id) VALUES (222, 35, 2, 92);
INSERT INTO license (id,course_id,class_type_id,faculty_member_id) VALUES (223, 10, 2, 93);
INSERT INTO license (id,course_id,class_type_id,faculty_member_id) VALUES (224, 15, 2, 93);
INSERT INTO license (id,course_id,class_type_id,faculty_member_id) VALUES (225, 20, 2, 93);
INSERT INTO license (id,course_id,class_type_id,faculty_member_id) VALUES (226, 26, 2, 93);
INSERT INTO license (id,course_id,class_type_id,faculty_member_id) VALUES (227, 27, 2, 93);
INSERT INTO license (id,course_id,class_type_id,faculty_member_id) VALUES (228, 35, 2, 93);
INSERT INTO license (id,course_id,class_type_id,faculty_member_id) VALUES (229, 10, 2, 94);
INSERT INTO license (id,course_id,class_type_id,faculty_member_id) VALUES (230, 15, 2, 94);
INSERT INTO license (id,course_id,class_type_id,faculty_member_id) VALUES (231, 20, 2, 94);
INSERT INTO license (id,course_id,class_type_id,faculty_member_id) VALUES (232, 26, 2, 94);
INSERT INTO license (id,course_id,class_type_id,faculty_member_id) VALUES (233, 27, 2, 94);
INSERT INTO license (id,course_id,class_type_id,faculty_member_id) VALUES (234, 35, 2, 94);
INSERT INTO license (id,course_id,class_type_id,faculty_member_id) VALUES (235, 10, 2, 95);
INSERT INTO license (id,course_id,class_type_id,faculty_member_id) VALUES (236, 15, 2, 95);
INSERT INTO license (id,course_id,class_type_id,faculty_member_id) VALUES (237, 20, 2, 95);
INSERT INTO license (id,course_id,class_type_id,faculty_member_id) VALUES (238, 26, 2, 95);
INSERT INTO license (id,course_id,class_type_id,faculty_member_id) VALUES (239, 27, 2, 95);
INSERT INTO license (id,course_id,class_type_id,faculty_member_id) VALUES (240, 35, 2, 95);
INSERT INTO license (id,course_id,class_type_id,faculty_member_id) VALUES (241, 10, 2, 96);
INSERT INTO license (id,course_id,class_type_id,faculty_member_id) VALUES (242, 15, 2, 96);
INSERT INTO license (id,course_id,class_type_id,faculty_member_id) VALUES (243, 20, 2, 96);
INSERT INTO license (id,course_id,class_type_id,faculty_member_id) VALUES (244, 26, 2, 96);
INSERT INTO license (id,course_id,class_type_id,faculty_member_id) VALUES (245, 27, 2, 96);
INSERT INTO license (id,course_id,class_type_id,faculty_member_id) VALUES (246, 35, 2, 96);
INSERT INTO license (id,course_id,class_type_id,faculty_member_id) VALUES (247, 10, 2, 97);
INSERT INTO license (id,course_id,class_type_id,faculty_member_id) VALUES (248, 15, 2, 97);
INSERT INTO license (id,course_id,class_type_id,faculty_member_id) VALUES (249, 20, 2, 97);
INSERT INTO license (id,course_id,class_type_id,faculty_member_id) VALUES (250, 26, 2, 97);
INSERT INTO license (id,course_id,class_type_id,faculty_member_id) VALUES (251, 27, 2, 97);
INSERT INTO license (id,course_id,class_type_id,faculty_member_id) VALUES (252, 35, 2, 97);
INSERT INTO license (id,course_id,class_type_id,faculty_member_id) VALUES (253, 10, 2, 98);
INSERT INTO license (id,course_id,class_type_id,faculty_member_id) VALUES (254, 15, 2, 98);
INSERT INTO license (id,course_id,class_type_id,faculty_member_id) VALUES (255, 20, 2, 98);
INSERT INTO license (id,course_id,class_type_id,faculty_member_id) VALUES (256, 26, 2, 98);
INSERT INTO license (id,course_id,class_type_id,faculty_member_id) VALUES (257, 27, 2, 98);
INSERT INTO license (id,course_id,class_type_id,faculty_member_id) VALUES (258, 35, 2, 98);
INSERT INTO license (id,course_id,class_type_id,faculty_member_id) VALUES (259, 10, 2, 99);
INSERT INTO license (id,course_id,class_type_id,faculty_member_id) VALUES (260, 15, 2, 99);
INSERT INTO license (id,course_id,class_type_id,faculty_member_id) VALUES (261, 20, 2, 99);
INSERT INTO license (id,course_id,class_type_id,faculty_member_id) VALUES (262, 26, 2, 99);
INSERT INTO license (id,course_id,class_type_id,faculty_member_id) VALUES (263, 27, 2, 99);
INSERT INTO license (id,course_id,class_type_id,faculty_member_id) VALUES (264, 35, 2, 99);
INSERT INTO license (id,course_id,class_type_id,faculty_member_id) VALUES (265, 10, 2, 100);
INSERT INTO license (id,course_id,class_type_id,faculty_member_id) VALUES (266, 15, 2, 100);
INSERT INTO license (id,course_id,class_type_id,faculty_member_id) VALUES (267, 20, 2, 100);
INSERT INTO license (id,course_id,class_type_id,faculty_member_id) VALUES (268, 26, 2, 100);
INSERT INTO license (id,course_id,class_type_id,faculty_member_id) VALUES (269, 27, 2, 100);
INSERT INTO license (id,course_id,class_type_id,faculty_member_id) VALUES (270, 35, 2, 100);
INSERT INTO license (id,course_id,class_type_id,faculty_member_id) VALUES (271, 10, 3, 101);
INSERT INTO license (id,course_id,class_type_id,faculty_member_id) VALUES (272, 15, 3, 101);
INSERT INTO license (id,course_id,class_type_id,faculty_member_id) VALUES (273, 20, 3, 101);
INSERT INTO license (id,course_id,class_type_id,faculty_member_id) VALUES (274, 26, 3, 101);
INSERT INTO license (id,course_id,class_type_id,faculty_member_id) VALUES (275, 27, 3, 101);
INSERT INTO license (id,course_id,class_type_id,faculty_member_id) VALUES (276, 35, 3, 101);
INSERT INTO license (id,course_id,class_type_id,faculty_member_id) VALUES (277, 10, 3, 102);
INSERT INTO license (id,course_id,class_type_id,faculty_member_id) VALUES (278, 15, 3, 102);
INSERT INTO license (id,course_id,class_type_id,faculty_member_id) VALUES (279, 20, 3, 102);
INSERT INTO license (id,course_id,class_type_id,faculty_member_id) VALUES (280, 26, 3, 102);
INSERT INTO license (id,course_id,class_type_id,faculty_member_id) VALUES (281, 27, 3, 102);
INSERT INTO license (id,course_id,class_type_id,faculty_member_id) VALUES (282, 35, 3, 102);
INSERT INTO license (id,course_id,class_type_id,faculty_member_id) VALUES (283, 10, 3, 103);
INSERT INTO license (id,course_id,class_type_id,faculty_member_id) VALUES (284, 15, 3, 103);
INSERT INTO license (id,course_id,class_type_id,faculty_member_id) VALUES (285, 20, 3, 103);
INSERT INTO license (id,course_id,class_type_id,faculty_member_id) VALUES (286, 26, 3, 103);
INSERT INTO license (id,course_id,class_type_id,faculty_member_id) VALUES (287, 27, 3, 103);
INSERT INTO license (id,course_id,class_type_id,faculty_member_id) VALUES (288, 35, 3, 103);
INSERT INTO license (id,course_id,class_type_id,faculty_member_id) VALUES (289, 10, 3, 104);
INSERT INTO license (id,course_id,class_type_id,faculty_member_id) VALUES (290, 15, 3, 104);
INSERT INTO license (id,course_id,class_type_id,faculty_member_id) VALUES (291, 20, 3, 104);
INSERT INTO license (id,course_id,class_type_id,faculty_member_id) VALUES (292, 26, 3, 104);
INSERT INTO license (id,course_id,class_type_id,faculty_member_id) VALUES (293, 27, 3, 104);
INSERT INTO license (id,course_id,class_type_id,faculty_member_id) VALUES (294, 35, 3, 104);
INSERT INTO license (id,course_id,class_type_id,faculty_member_id) VALUES (295, 10, 3, 105);
INSERT INTO license (id,course_id,class_type_id,faculty_member_id) VALUES (296, 15, 3, 105);
INSERT INTO license (id,course_id,class_type_id,faculty_member_id) VALUES (297, 20, 3, 105);
INSERT INTO license (id,course_id,class_type_id,faculty_member_id) VALUES (298, 26, 3, 105);
INSERT INTO license (id,course_id,class_type_id,faculty_member_id) VALUES (299, 27, 3, 105);
INSERT INTO license (id,course_id,class_type_id,faculty_member_id) VALUES (300, 35, 3, 105);
INSERT INTO license (id,course_id,class_type_id,faculty_member_id) VALUES (301, 10, 3, 106);
INSERT INTO license (id,course_id,class_type_id,faculty_member_id) VALUES (302, 15, 3, 106);
INSERT INTO license (id,course_id,class_type_id,faculty_member_id) VALUES (303, 20, 3, 106);
INSERT INTO license (id,course_id,class_type_id,faculty_member_id) VALUES (304, 26, 3, 106);
INSERT INTO license (id,course_id,class_type_id,faculty_member_id) VALUES (305, 27, 3, 106);
INSERT INTO license (id,course_id,class_type_id,faculty_member_id) VALUES (306, 35, 3, 106);
INSERT INTO license (id,course_id,class_type_id,faculty_member_id) VALUES (307, 10, 3, 107);
INSERT INTO license (id,course_id,class_type_id,faculty_member_id) VALUES (308, 15, 3, 107);
INSERT INTO license (id,course_id,class_type_id,faculty_member_id) VALUES (309, 20, 3, 107);
INSERT INTO license (id,course_id,class_type_id,faculty_member_id) VALUES (310, 26, 3, 107);
INSERT INTO license (id,course_id,class_type_id,faculty_member_id) VALUES (311, 27, 3, 107);
INSERT INTO license (id,course_id,class_type_id,faculty_member_id) VALUES (312, 35, 3, 107);
INSERT INTO license (id,course_id,class_type_id,faculty_member_id) VALUES (313, 10, 3, 108);
INSERT INTO license (id,course_id,class_type_id,faculty_member_id) VALUES (314, 15, 3, 108);
INSERT INTO license (id,course_id,class_type_id,faculty_member_id) VALUES (315, 20, 3, 108);
INSERT INTO license (id,course_id,class_type_id,faculty_member_id) VALUES (316, 26, 3, 108);
INSERT INTO license (id,course_id,class_type_id,faculty_member_id) VALUES (317, 27, 3, 108);
INSERT INTO license (id,course_id,class_type_id,faculty_member_id) VALUES (318, 35, 3, 108);
INSERT INTO license (id,course_id,class_type_id,faculty_member_id) VALUES (319, 10, 3, 109);
INSERT INTO license (id,course_id,class_type_id,faculty_member_id) VALUES (320, 15, 3, 109);
INSERT INTO license (id,course_id,class_type_id,faculty_member_id) VALUES (321, 20, 3, 109);
INSERT INTO license (id,course_id,class_type_id,faculty_member_id) VALUES (322, 26, 3, 109);
INSERT INTO license (id,course_id,class_type_id,faculty_member_id) VALUES (323, 27, 3, 109);
INSERT INTO license (id,course_id,class_type_id,faculty_member_id) VALUES (324, 35, 3, 109);
INSERT INTO license (id,course_id,class_type_id,faculty_member_id) VALUES (325, 10, 3, 110);
INSERT INTO license (id,course_id,class_type_id,faculty_member_id) VALUES (326, 15, 3, 110);
INSERT INTO license (id,course_id,class_type_id,faculty_member_id) VALUES (327, 20, 3, 110);
INSERT INTO license (id,course_id,class_type_id,faculty_member_id) VALUES (328, 26, 3, 110);
INSERT INTO license (id,course_id,class_type_id,faculty_member_id) VALUES (329, 27, 3, 110);
INSERT INTO license (id,course_id,class_type_id,faculty_member_id) VALUES (330, 35, 3, 110);
INSERT INTO license (id,course_id,class_type_id,faculty_member_id) VALUES (331, 6, 1, 111);
INSERT INTO license (id,course_id,class_type_id,faculty_member_id) VALUES (332, 13, 1, 111);
INSERT INTO license (id,course_id,class_type_id,faculty_member_id) VALUES (333, 25, 1, 111);
INSERT INTO license (id,course_id,class_type_id,faculty_member_id) VALUES (334, 30, 1, 111);
INSERT INTO license (id,course_id,class_type_id,faculty_member_id) VALUES (335, 34, 1, 111);
INSERT INTO license (id,course_id,class_type_id,faculty_member_id) VALUES (336, 39, 1, 111);
INSERT INTO license (id,course_id,class_type_id,faculty_member_id) VALUES (337, 40, 1, 111);
INSERT INTO license (id,course_id,class_type_id,faculty_member_id) VALUES (338, 42, 1, 111);
INSERT INTO license (id,course_id,class_type_id,faculty_member_id) VALUES (339, 6, 1, 112);
INSERT INTO license (id,course_id,class_type_id,faculty_member_id) VALUES (340, 13, 1, 112);
INSERT INTO license (id,course_id,class_type_id,faculty_member_id) VALUES (341, 25, 1, 112);
INSERT INTO license (id,course_id,class_type_id,faculty_member_id) VALUES (342, 30, 1, 112);
INSERT INTO license (id,course_id,class_type_id,faculty_member_id) VALUES (343, 34, 1, 112);
INSERT INTO license (id,course_id,class_type_id,faculty_member_id) VALUES (344, 39, 1, 112);
INSERT INTO license (id,course_id,class_type_id,faculty_member_id) VALUES (345, 40, 1, 112);
INSERT INTO license (id,course_id,class_type_id,faculty_member_id) VALUES (346, 42, 1, 112);
INSERT INTO license (id,course_id,class_type_id,faculty_member_id) VALUES (347, 6, 2, 113);
INSERT INTO license (id,course_id,class_type_id,faculty_member_id) VALUES (348, 13, 2, 113);
INSERT INTO license (id,course_id,class_type_id,faculty_member_id) VALUES (349, 25, 2, 113);
INSERT INTO license (id,course_id,class_type_id,faculty_member_id) VALUES (350, 30, 2, 113);
INSERT INTO license (id,course_id,class_type_id,faculty_member_id) VALUES (351, 34, 2, 113);
INSERT INTO license (id,course_id,class_type_id,faculty_member_id) VALUES (352, 39, 2, 113);
INSERT INTO license (id,course_id,class_type_id,faculty_member_id) VALUES (353, 40, 2, 113);
INSERT INTO license (id,course_id,class_type_id,faculty_member_id) VALUES (354, 42, 2, 113);
INSERT INTO license (id,course_id,class_type_id,faculty_member_id) VALUES (355, 6, 2, 114);
INSERT INTO license (id,course_id,class_type_id,faculty_member_id) VALUES (356, 13, 2, 114);
INSERT INTO license (id,course_id,class_type_id,faculty_member_id) VALUES (357, 25, 2, 114);
INSERT INTO license (id,course_id,class_type_id,faculty_member_id) VALUES (358, 30, 2, 114);
INSERT INTO license (id,course_id,class_type_id,faculty_member_id) VALUES (359, 34, 2, 114);
INSERT INTO license (id,course_id,class_type_id,faculty_member_id) VALUES (360, 39, 2, 114);
INSERT INTO license (id,course_id,class_type_id,faculty_member_id) VALUES (361, 40, 2, 114);
INSERT INTO license (id,course_id,class_type_id,faculty_member_id) VALUES (362, 42, 2, 114);
INSERT INTO license (id,course_id,class_type_id,faculty_member_id) VALUES (363, 6, 2, 115);
INSERT INTO license (id,course_id,class_type_id,faculty_member_id) VALUES (364, 13, 2, 115);
INSERT INTO license (id,course_id,class_type_id,faculty_member_id) VALUES (365, 25, 2, 115);
INSERT INTO license (id,course_id,class_type_id,faculty_member_id) VALUES (366, 30, 2, 115);
INSERT INTO license (id,course_id,class_type_id,faculty_member_id) VALUES (367, 34, 2, 115);
INSERT INTO license (id,course_id,class_type_id,faculty_member_id) VALUES (368, 39, 2, 115);
INSERT INTO license (id,course_id,class_type_id,faculty_member_id) VALUES (369, 40, 2, 115);
INSERT INTO license (id,course_id,class_type_id,faculty_member_id) VALUES (370, 42, 2, 115);
INSERT INTO license (id,course_id,class_type_id,faculty_member_id) VALUES (371, 6, 2, 116);
INSERT INTO license (id,course_id,class_type_id,faculty_member_id) VALUES (372, 13, 2, 116);
INSERT INTO license (id,course_id,class_type_id,faculty_member_id) VALUES (373, 25, 2, 116);
INSERT INTO license (id,course_id,class_type_id,faculty_member_id) VALUES (374, 30, 2, 116);
INSERT INTO license (id,course_id,class_type_id,faculty_member_id) VALUES (375, 34, 2, 116);
INSERT INTO license (id,course_id,class_type_id,faculty_member_id) VALUES (376, 39, 2, 116);
INSERT INTO license (id,course_id,class_type_id,faculty_member_id) VALUES (377, 40, 2, 116);
INSERT INTO license (id,course_id,class_type_id,faculty_member_id) VALUES (378, 42, 2, 116);
INSERT INTO license (id,course_id,class_type_id,faculty_member_id) VALUES (379, 6, 2, 117);
INSERT INTO license (id,course_id,class_type_id,faculty_member_id) VALUES (380, 13, 2, 117);
INSERT INTO license (id,course_id,class_type_id,faculty_member_id) VALUES (381, 25, 2, 117);
INSERT INTO license (id,course_id,class_type_id,faculty_member_id) VALUES (382, 30, 2, 117);
INSERT INTO license (id,course_id,class_type_id,faculty_member_id) VALUES (383, 34, 2, 117);
INSERT INTO license (id,course_id,class_type_id,faculty_member_id) VALUES (384, 39, 2, 117);
INSERT INTO license (id,course_id,class_type_id,faculty_member_id) VALUES (385, 40, 2, 117);
INSERT INTO license (id,course_id,class_type_id,faculty_member_id) VALUES (386, 42, 2, 117);
INSERT INTO license (id,course_id,class_type_id,faculty_member_id) VALUES (387, 6, 2, 118);
INSERT INTO license (id,course_id,class_type_id,faculty_member_id) VALUES (388, 13, 2, 118);
INSERT INTO license (id,course_id,class_type_id,faculty_member_id) VALUES (389, 25, 2, 118);
INSERT INTO license (id,course_id,class_type_id,faculty_member_id) VALUES (390, 30, 2, 118);
INSERT INTO license (id,course_id,class_type_id,faculty_member_id) VALUES (391, 34, 2, 118);
INSERT INTO license (id,course_id,class_type_id,faculty_member_id) VALUES (392, 39, 2, 118);
INSERT INTO license (id,course_id,class_type_id,faculty_member_id) VALUES (393, 40, 2, 118);
INSERT INTO license (id,course_id,class_type_id,faculty_member_id) VALUES (394, 42, 2, 118);
INSERT INTO license (id,course_id,class_type_id,faculty_member_id) VALUES (395, 6, 2, 119);
INSERT INTO license (id,course_id,class_type_id,faculty_member_id) VALUES (396, 13, 2, 119);
INSERT INTO license (id,course_id,class_type_id,faculty_member_id) VALUES (397, 25, 2, 119);
INSERT INTO license (id,course_id,class_type_id,faculty_member_id) VALUES (398, 30, 2, 119);
INSERT INTO license (id,course_id,class_type_id,faculty_member_id) VALUES (399, 34, 2, 119);
INSERT INTO license (id,course_id,class_type_id,faculty_member_id) VALUES (400, 39, 2, 119);
INSERT INTO license (id,course_id,class_type_id,faculty_member_id) VALUES (401, 40, 2, 119);
INSERT INTO license (id,course_id,class_type_id,faculty_member_id) VALUES (402, 42, 2, 119);
INSERT INTO license (id,course_id,class_type_id,faculty_member_id) VALUES (403, 6, 2, 120);
INSERT INTO license (id,course_id,class_type_id,faculty_member_id) VALUES (404, 13, 2, 120);
INSERT INTO license (id,course_id,class_type_id,faculty_member_id) VALUES (405, 25, 2, 120);
INSERT INTO license (id,course_id,class_type_id,faculty_member_id) VALUES (406, 30, 2, 120);
INSERT INTO license (id,course_id,class_type_id,faculty_member_id) VALUES (407, 34, 2, 120);
INSERT INTO license (id,course_id,class_type_id,faculty_member_id) VALUES (408, 39, 2, 120);
INSERT INTO license (id,course_id,class_type_id,faculty_member_id) VALUES (409, 40, 2, 120);
INSERT INTO license (id,course_id,class_type_id,faculty_member_id) VALUES (410, 42, 2, 120);
INSERT INTO license (id,course_id,class_type_id,faculty_member_id) VALUES (411, 6, 2, 121);
INSERT INTO license (id,course_id,class_type_id,faculty_member_id) VALUES (412, 13, 2, 121);
INSERT INTO license (id,course_id,class_type_id,faculty_member_id) VALUES (413, 25, 2, 121);
INSERT INTO license (id,course_id,class_type_id,faculty_member_id) VALUES (414, 30, 2, 121);
INSERT INTO license (id,course_id,class_type_id,faculty_member_id) VALUES (415, 34, 2, 121);
INSERT INTO license (id,course_id,class_type_id,faculty_member_id) VALUES (416, 39, 2, 121);
INSERT INTO license (id,course_id,class_type_id,faculty_member_id) VALUES (417, 40, 2, 121);
INSERT INTO license (id,course_id,class_type_id,faculty_member_id) VALUES (418, 42, 2, 121);
INSERT INTO license (id,course_id,class_type_id,faculty_member_id) VALUES (419, 6, 2, 122);
INSERT INTO license (id,course_id,class_type_id,faculty_member_id) VALUES (420, 13, 2, 122);
INSERT INTO license (id,course_id,class_type_id,faculty_member_id) VALUES (421, 25, 2, 122);
INSERT INTO license (id,course_id,class_type_id,faculty_member_id) VALUES (422, 30, 2, 122);
INSERT INTO license (id,course_id,class_type_id,faculty_member_id) VALUES (423, 34, 2, 122);
INSERT INTO license (id,course_id,class_type_id,faculty_member_id) VALUES (424, 39, 2, 122);
INSERT INTO license (id,course_id,class_type_id,faculty_member_id) VALUES (425, 40, 2, 122);
INSERT INTO license (id,course_id,class_type_id,faculty_member_id) VALUES (426, 42, 2, 122);
INSERT INTO license (id,course_id,class_type_id,faculty_member_id) VALUES (427, 6, 3, 123);
INSERT INTO license (id,course_id,class_type_id,faculty_member_id) VALUES (428, 13, 3, 123);
INSERT INTO license (id,course_id,class_type_id,faculty_member_id) VALUES (429, 25, 3, 123);
INSERT INTO license (id,course_id,class_type_id,faculty_member_id) VALUES (430, 30, 3, 123);
INSERT INTO license (id,course_id,class_type_id,faculty_member_id) VALUES (431, 34, 3, 123);
INSERT INTO license (id,course_id,class_type_id,faculty_member_id) VALUES (432, 39, 3, 123);
INSERT INTO license (id,course_id,class_type_id,faculty_member_id) VALUES (433, 40, 3, 123);
INSERT INTO license (id,course_id,class_type_id,faculty_member_id) VALUES (434, 42, 3, 123);
INSERT INTO license (id,course_id,class_type_id,faculty_member_id) VALUES (435, 6, 3, 124);
INSERT INTO license (id,course_id,class_type_id,faculty_member_id) VALUES (436, 13, 3, 124);
INSERT INTO license (id,course_id,class_type_id,faculty_member_id) VALUES (437, 25, 3, 124);
INSERT INTO license (id,course_id,class_type_id,faculty_member_id) VALUES (438, 30, 3, 124);
INSERT INTO license (id,course_id,class_type_id,faculty_member_id) VALUES (439, 34, 3, 124);
INSERT INTO license (id,course_id,class_type_id,faculty_member_id) VALUES (440, 39, 3, 124);
INSERT INTO license (id,course_id,class_type_id,faculty_member_id) VALUES (441, 40, 3, 124);
INSERT INTO license (id,course_id,class_type_id,faculty_member_id) VALUES (442, 42, 3, 124);
INSERT INTO license (id,course_id,class_type_id,faculty_member_id) VALUES (443, 6, 3, 125);
INSERT INTO license (id,course_id,class_type_id,faculty_member_id) VALUES (444, 13, 3, 125);
INSERT INTO license (id,course_id,class_type_id,faculty_member_id) VALUES (445, 25, 3, 125);
INSERT INTO license (id,course_id,class_type_id,faculty_member_id) VALUES (446, 30, 3, 125);
INSERT INTO license (id,course_id,class_type_id,faculty_member_id) VALUES (447, 34, 3, 125);
INSERT INTO license (id,course_id,class_type_id,faculty_member_id) VALUES (448, 39, 3, 125);
INSERT INTO license (id,course_id,class_type_id,faculty_member_id) VALUES (449, 40, 3, 125);
INSERT INTO license (id,course_id,class_type_id,faculty_member_id) VALUES (450, 42, 3, 125);
INSERT INTO license (id,course_id,class_type_id,faculty_member_id) VALUES (451, 6, 3, 126);
INSERT INTO license (id,course_id,class_type_id,faculty_member_id) VALUES (452, 13, 3, 126);
INSERT INTO license (id,course_id,class_type_id,faculty_member_id) VALUES (453, 25, 3, 126);
INSERT INTO license (id,course_id,class_type_id,faculty_member_id) VALUES (454, 30, 3, 126);
INSERT INTO license (id,course_id,class_type_id,faculty_member_id) VALUES (455, 34, 3, 126);
INSERT INTO license (id,course_id,class_type_id,faculty_member_id) VALUES (456, 39, 3, 126);
INSERT INTO license (id,course_id,class_type_id,faculty_member_id) VALUES (457, 40, 3, 126);
INSERT INTO license (id,course_id,class_type_id,faculty_member_id) VALUES (458, 42, 3, 126);
INSERT INTO license (id,course_id,class_type_id,faculty_member_id) VALUES (459, 6, 3, 127);
INSERT INTO license (id,course_id,class_type_id,faculty_member_id) VALUES (460, 13, 3, 127);
INSERT INTO license (id,course_id,class_type_id,faculty_member_id) VALUES (461, 25, 3, 127);
INSERT INTO license (id,course_id,class_type_id,faculty_member_id) VALUES (462, 30, 3, 127);
INSERT INTO license (id,course_id,class_type_id,faculty_member_id) VALUES (463, 34, 3, 127);
INSERT INTO license (id,course_id,class_type_id,faculty_member_id) VALUES (464, 39, 3, 127);
INSERT INTO license (id,course_id,class_type_id,faculty_member_id) VALUES (465, 40, 3, 127);
INSERT INTO license (id,course_id,class_type_id,faculty_member_id) VALUES (466, 42, 3, 127);
INSERT INTO license (id,course_id,class_type_id,faculty_member_id) VALUES (467, 6, 3, 128);
INSERT INTO license (id,course_id,class_type_id,faculty_member_id) VALUES (468, 13, 3, 128);
INSERT INTO license (id,course_id,class_type_id,faculty_member_id) VALUES (469, 25, 3, 128);
INSERT INTO license (id,course_id,class_type_id,faculty_member_id) VALUES (470, 30, 3, 128);
INSERT INTO license (id,course_id,class_type_id,faculty_member_id) VALUES (471, 34, 3, 128);
INSERT INTO license (id,course_id,class_type_id,faculty_member_id) VALUES (472, 39, 3, 128);
INSERT INTO license (id,course_id,class_type_id,faculty_member_id) VALUES (473, 40, 3, 128);
INSERT INTO license (id,course_id,class_type_id,faculty_member_id) VALUES (474, 42, 3, 128);
INSERT INTO license (id,course_id,class_type_id,faculty_member_id) VALUES (475, 6, 3, 129);
INSERT INTO license (id,course_id,class_type_id,faculty_member_id) VALUES (476, 13, 3, 129);
INSERT INTO license (id,course_id,class_type_id,faculty_member_id) VALUES (477, 25, 3, 129);
INSERT INTO license (id,course_id,class_type_id,faculty_member_id) VALUES (478, 30, 3, 129);
INSERT INTO license (id,course_id,class_type_id,faculty_member_id) VALUES (479, 34, 3, 129);
INSERT INTO license (id,course_id,class_type_id,faculty_member_id) VALUES (480, 39, 3, 129);
INSERT INTO license (id,course_id,class_type_id,faculty_member_id) VALUES (481, 40, 3, 129);
INSERT INTO license (id,course_id,class_type_id,faculty_member_id) VALUES (482, 42, 3, 129);
INSERT INTO license (id,course_id,class_type_id,faculty_member_id) VALUES (483, 6, 3, 130);
INSERT INTO license (id,course_id,class_type_id,faculty_member_id) VALUES (484, 13, 3, 130);
INSERT INTO license (id,course_id,class_type_id,faculty_member_id) VALUES (485, 25, 3, 130);
INSERT INTO license (id,course_id,class_type_id,faculty_member_id) VALUES (486, 30, 3, 130);
INSERT INTO license (id,course_id,class_type_id,faculty_member_id) VALUES (487, 34, 3, 130);
INSERT INTO license (id,course_id,class_type_id,faculty_member_id) VALUES (488, 39, 3, 130);
INSERT INTO license (id,course_id,class_type_id,faculty_member_id) VALUES (489, 40, 3, 130);
INSERT INTO license (id,course_id,class_type_id,faculty_member_id) VALUES (490, 42, 3, 130);
INSERT INTO license (id,course_id,class_type_id,faculty_member_id) VALUES (491, 6, 3, 131);
INSERT INTO license (id,course_id,class_type_id,faculty_member_id) VALUES (492, 13, 3, 131);
INSERT INTO license (id,course_id,class_type_id,faculty_member_id) VALUES (493, 25, 3, 131);
INSERT INTO license (id,course_id,class_type_id,faculty_member_id) VALUES (494, 30, 3, 131);
INSERT INTO license (id,course_id,class_type_id,faculty_member_id) VALUES (495, 34, 3, 131);
INSERT INTO license (id,course_id,class_type_id,faculty_member_id) VALUES (496, 39, 3, 131);
INSERT INTO license (id,course_id,class_type_id,faculty_member_id) VALUES (497, 40, 3, 131);
INSERT INTO license (id,course_id,class_type_id,faculty_member_id) VALUES (498, 42, 3, 131);
INSERT INTO license (id,course_id,class_type_id,faculty_member_id) VALUES (499, 6, 3, 132);
INSERT INTO license (id,course_id,class_type_id,faculty_member_id) VALUES (500, 13, 3, 132);
INSERT INTO license (id,course_id,class_type_id,faculty_member_id) VALUES (501, 25, 3, 132);
INSERT INTO license (id,course_id,class_type_id,faculty_member_id) VALUES (502, 30, 3, 132);
INSERT INTO license (id,course_id,class_type_id,faculty_member_id) VALUES (503, 34, 3, 132);
INSERT INTO license (id,course_id,class_type_id,faculty_member_id) VALUES (504, 39, 3, 132);
INSERT INTO license (id,course_id,class_type_id,faculty_member_id) VALUES (505, 40, 3, 132);
INSERT INTO license (id,course_id,class_type_id,faculty_member_id) VALUES (506, 42, 3, 132);
INSERT INTO license (id,course_id,class_type_id,faculty_member_id) VALUES (507, 3, 1, 133);
INSERT INTO license (id,course_id,class_type_id,faculty_member_id) VALUES (508, 11, 1, 133);
INSERT INTO license (id,course_id,class_type_id,faculty_member_id) VALUES (509, 21, 1, 133);
INSERT INTO license (id,course_id,class_type_id,faculty_member_id) VALUES (510, 22, 1, 133);
INSERT INTO license (id,course_id,class_type_id,faculty_member_id) VALUES (511, 41, 1, 133);
INSERT INTO license (id,course_id,class_type_id,faculty_member_id) VALUES (512, 3, 1, 134);
INSERT INTO license (id,course_id,class_type_id,faculty_member_id) VALUES (513, 11, 1, 134);
INSERT INTO license (id,course_id,class_type_id,faculty_member_id) VALUES (514, 21, 1, 134);
INSERT INTO license (id,course_id,class_type_id,faculty_member_id) VALUES (515, 22, 1, 134);
INSERT INTO license (id,course_id,class_type_id,faculty_member_id) VALUES (516, 41, 1, 134);
INSERT INTO license (id,course_id,class_type_id,faculty_member_id) VALUES (517, 3, 2, 135);
INSERT INTO license (id,course_id,class_type_id,faculty_member_id) VALUES (518, 11, 2, 135);
INSERT INTO license (id,course_id,class_type_id,faculty_member_id) VALUES (519, 21, 2, 135);
INSERT INTO license (id,course_id,class_type_id,faculty_member_id) VALUES (520, 22, 2, 135);
INSERT INTO license (id,course_id,class_type_id,faculty_member_id) VALUES (521, 41, 2, 135);
INSERT INTO license (id,course_id,class_type_id,faculty_member_id) VALUES (522, 3, 2, 136);
INSERT INTO license (id,course_id,class_type_id,faculty_member_id) VALUES (523, 11, 2, 136);
INSERT INTO license (id,course_id,class_type_id,faculty_member_id) VALUES (524, 21, 2, 136);
INSERT INTO license (id,course_id,class_type_id,faculty_member_id) VALUES (525, 22, 2, 136);
INSERT INTO license (id,course_id,class_type_id,faculty_member_id) VALUES (526, 41, 2, 136);
INSERT INTO license (id,course_id,class_type_id,faculty_member_id) VALUES (527, 3, 2, 137);
INSERT INTO license (id,course_id,class_type_id,faculty_member_id) VALUES (528, 11, 2, 137);
INSERT INTO license (id,course_id,class_type_id,faculty_member_id) VALUES (529, 21, 2, 137);
INSERT INTO license (id,course_id,class_type_id,faculty_member_id) VALUES (530, 22, 2, 137);
INSERT INTO license (id,course_id,class_type_id,faculty_member_id) VALUES (531, 41, 2, 137);
INSERT INTO license (id,course_id,class_type_id,faculty_member_id) VALUES (532, 3, 2, 138);
INSERT INTO license (id,course_id,class_type_id,faculty_member_id) VALUES (533, 11, 2, 138);
INSERT INTO license (id,course_id,class_type_id,faculty_member_id) VALUES (534, 21, 2, 138);
INSERT INTO license (id,course_id,class_type_id,faculty_member_id) VALUES (535, 22, 2, 138);
INSERT INTO license (id,course_id,class_type_id,faculty_member_id) VALUES (536, 41, 2, 138);
INSERT INTO license (id,course_id,class_type_id,faculty_member_id) VALUES (537, 3, 2, 139);
INSERT INTO license (id,course_id,class_type_id,faculty_member_id) VALUES (538, 11, 2, 139);
INSERT INTO license (id,course_id,class_type_id,faculty_member_id) VALUES (539, 21, 2, 139);
INSERT INTO license (id,course_id,class_type_id,faculty_member_id) VALUES (540, 22, 2, 139);
INSERT INTO license (id,course_id,class_type_id,faculty_member_id) VALUES (541, 41, 2, 139);
INSERT INTO license (id,course_id,class_type_id,faculty_member_id) VALUES (542, 3, 2, 140);
INSERT INTO license (id,course_id,class_type_id,faculty_member_id) VALUES (543, 11, 2, 140);
INSERT INTO license (id,course_id,class_type_id,faculty_member_id) VALUES (544, 21, 2, 140);
INSERT INTO license (id,course_id,class_type_id,faculty_member_id) VALUES (545, 22, 2, 140);
INSERT INTO license (id,course_id,class_type_id,faculty_member_id) VALUES (546, 41, 2, 140);
INSERT INTO license (id,course_id,class_type_id,faculty_member_id) VALUES (547, 3, 2, 141);
INSERT INTO license (id,course_id,class_type_id,faculty_member_id) VALUES (548, 11, 2, 141);
INSERT INTO license (id,course_id,class_type_id,faculty_member_id) VALUES (549, 21, 2, 141);
INSERT INTO license (id,course_id,class_type_id,faculty_member_id) VALUES (550, 22, 2, 141);
INSERT INTO license (id,course_id,class_type_id,faculty_member_id) VALUES (551, 41, 2, 141);
INSERT INTO license (id,course_id,class_type_id,faculty_member_id) VALUES (552, 3, 2, 142);
INSERT INTO license (id,course_id,class_type_id,faculty_member_id) VALUES (553, 11, 2, 142);
INSERT INTO license (id,course_id,class_type_id,faculty_member_id) VALUES (554, 21, 2, 142);
INSERT INTO license (id,course_id,class_type_id,faculty_member_id) VALUES (555, 22, 2, 142);
INSERT INTO license (id,course_id,class_type_id,faculty_member_id) VALUES (556, 41, 2, 142);
INSERT INTO license (id,course_id,class_type_id,faculty_member_id) VALUES (557, 3, 2, 143);
INSERT INTO license (id,course_id,class_type_id,faculty_member_id) VALUES (558, 11, 2, 143);
INSERT INTO license (id,course_id,class_type_id,faculty_member_id) VALUES (559, 21, 2, 143);
INSERT INTO license (id,course_id,class_type_id,faculty_member_id) VALUES (560, 22, 2, 143);
INSERT INTO license (id,course_id,class_type_id,faculty_member_id) VALUES (561, 41, 2, 143);
INSERT INTO license (id,course_id,class_type_id,faculty_member_id) VALUES (562, 3, 2, 144);
INSERT INTO license (id,course_id,class_type_id,faculty_member_id) VALUES (563, 11, 2, 144);
INSERT INTO license (id,course_id,class_type_id,faculty_member_id) VALUES (564, 21, 2, 144);
INSERT INTO license (id,course_id,class_type_id,faculty_member_id) VALUES (565, 22, 2, 144);
INSERT INTO license (id,course_id,class_type_id,faculty_member_id) VALUES (566, 41, 2, 144);
INSERT INTO license (id,course_id,class_type_id,faculty_member_id) VALUES (567, 3, 3, 145);
INSERT INTO license (id,course_id,class_type_id,faculty_member_id) VALUES (568, 11, 3, 145);
INSERT INTO license (id,course_id,class_type_id,faculty_member_id) VALUES (569, 21, 3, 145);
INSERT INTO license (id,course_id,class_type_id,faculty_member_id) VALUES (570, 22, 3, 145);
INSERT INTO license (id,course_id,class_type_id,faculty_member_id) VALUES (571, 41, 3, 145);
INSERT INTO license (id,course_id,class_type_id,faculty_member_id) VALUES (572, 3, 3, 146);
INSERT INTO license (id,course_id,class_type_id,faculty_member_id) VALUES (573, 11, 3, 146);
INSERT INTO license (id,course_id,class_type_id,faculty_member_id) VALUES (574, 21, 3, 146);
INSERT INTO license (id,course_id,class_type_id,faculty_member_id) VALUES (575, 22, 3, 146);
INSERT INTO license (id,course_id,class_type_id,faculty_member_id) VALUES (576, 41, 3, 146);
INSERT INTO license (id,course_id,class_type_id,faculty_member_id) VALUES (577, 3, 3, 147);
INSERT INTO license (id,course_id,class_type_id,faculty_member_id) VALUES (578, 11, 3, 147);
INSERT INTO license (id,course_id,class_type_id,faculty_member_id) VALUES (579, 21, 3, 147);
INSERT INTO license (id,course_id,class_type_id,faculty_member_id) VALUES (580, 22, 3, 147);
INSERT INTO license (id,course_id,class_type_id,faculty_member_id) VALUES (581, 41, 3, 147);
INSERT INTO license (id,course_id,class_type_id,faculty_member_id) VALUES (582, 3, 3, 148);
INSERT INTO license (id,course_id,class_type_id,faculty_member_id) VALUES (583, 11, 3, 148);
INSERT INTO license (id,course_id,class_type_id,faculty_member_id) VALUES (584, 21, 3, 148);
INSERT INTO license (id,course_id,class_type_id,faculty_member_id) VALUES (585, 22, 3, 148);
INSERT INTO license (id,course_id,class_type_id,faculty_member_id) VALUES (586, 41, 3, 148);
INSERT INTO license (id,course_id,class_type_id,faculty_member_id) VALUES (587, 3, 3, 149);
INSERT INTO license (id,course_id,class_type_id,faculty_member_id) VALUES (588, 11, 3, 149);
INSERT INTO license (id,course_id,class_type_id,faculty_member_id) VALUES (589, 21, 3, 149);
INSERT INTO license (id,course_id,class_type_id,faculty_member_id) VALUES (590, 22, 3, 149);
INSERT INTO license (id,course_id,class_type_id,faculty_member_id) VALUES (591, 41, 3, 149);
INSERT INTO license (id,course_id,class_type_id,faculty_member_id) VALUES (592, 3, 3, 150);
INSERT INTO license (id,course_id,class_type_id,faculty_member_id) VALUES (593, 11, 3, 150);
INSERT INTO license (id,course_id,class_type_id,faculty_member_id) VALUES (594, 21, 3, 150);
INSERT INTO license (id,course_id,class_type_id,faculty_member_id) VALUES (595, 22, 3, 150);
INSERT INTO license (id,course_id,class_type_id,faculty_member_id) VALUES (596, 41, 3, 150);
INSERT INTO license (id,course_id,class_type_id,faculty_member_id) VALUES (597, 3, 3, 151);
INSERT INTO license (id,course_id,class_type_id,faculty_member_id) VALUES (598, 11, 3, 151);
INSERT INTO license (id,course_id,class_type_id,faculty_member_id) VALUES (599, 21, 3, 151);
INSERT INTO license (id,course_id,class_type_id,faculty_member_id) VALUES (600, 22, 3, 151);
INSERT INTO license (id,course_id,class_type_id,faculty_member_id) VALUES (601, 41, 3, 151);
INSERT INTO license (id,course_id,class_type_id,faculty_member_id) VALUES (602, 3, 3, 152);
INSERT INTO license (id,course_id,class_type_id,faculty_member_id) VALUES (603, 11, 3, 152);
INSERT INTO license (id,course_id,class_type_id,faculty_member_id) VALUES (604, 21, 3, 152);
INSERT INTO license (id,course_id,class_type_id,faculty_member_id) VALUES (605, 22, 3, 152);
INSERT INTO license (id,course_id,class_type_id,faculty_member_id) VALUES (606, 41, 3, 152);
INSERT INTO license (id,course_id,class_type_id,faculty_member_id) VALUES (607, 3, 3, 153);
INSERT INTO license (id,course_id,class_type_id,faculty_member_id) VALUES (608, 11, 3, 153);
INSERT INTO license (id,course_id,class_type_id,faculty_member_id) VALUES (609, 21, 3, 153);
INSERT INTO license (id,course_id,class_type_id,faculty_member_id) VALUES (610, 22, 3, 153);
INSERT INTO license (id,course_id,class_type_id,faculty_member_id) VALUES (611, 41, 3, 153);
INSERT INTO license (id,course_id,class_type_id,faculty_member_id) VALUES (612, 3, 3, 154);
INSERT INTO license (id,course_id,class_type_id,faculty_member_id) VALUES (613, 11, 3, 154);
INSERT INTO license (id,course_id,class_type_id,faculty_member_id) VALUES (614, 21, 3, 154);
INSERT INTO license (id,course_id,class_type_id,faculty_member_id) VALUES (615, 22, 3, 154);
INSERT INTO license (id,course_id,class_type_id,faculty_member_id) VALUES (616, 41, 3, 154);
INSERT INTO license (id,course_id,class_type_id,faculty_member_id) VALUES (617, 19, 1, 155);
INSERT INTO license (id,course_id,class_type_id,faculty_member_id) VALUES (618, 19, 1, 156);
INSERT INTO license (id,course_id,class_type_id,faculty_member_id) VALUES (619, 19, 2, 157);
INSERT INTO license (id,course_id,class_type_id,faculty_member_id) VALUES (620, 19, 2, 158);
INSERT INTO license (id,course_id,class_type_id,faculty_member_id) VALUES (621, 19, 2, 159);
INSERT INTO license (id,course_id,class_type_id,faculty_member_id) VALUES (622, 19, 2, 160);
INSERT INTO license (id,course_id,class_type_id,faculty_member_id) VALUES (623, 19, 2, 161);
INSERT INTO license (id,course_id,class_type_id,faculty_member_id) VALUES (624, 19, 2, 162);
INSERT INTO license (id,course_id,class_type_id,faculty_member_id) VALUES (625, 19, 2, 163);
INSERT INTO license (id,course_id,class_type_id,faculty_member_id) VALUES (626, 19, 2, 164);
INSERT INTO license (id,course_id,class_type_id,faculty_member_id) VALUES (627, 19, 2, 165);
INSERT INTO license (id,course_id,class_type_id,faculty_member_id) VALUES (628, 19, 2, 166);
INSERT INTO license (id,course_id,class_type_id,faculty_member_id) VALUES (629, 19, 3, 167);
INSERT INTO license (id,course_id,class_type_id,faculty_member_id) VALUES (630, 19, 3, 168);
INSERT INTO license (id,course_id,class_type_id,faculty_member_id) VALUES (631, 19, 3, 169);
INSERT INTO license (id,course_id,class_type_id,faculty_member_id) VALUES (632, 19, 3, 170);
INSERT INTO license (id,course_id,class_type_id,faculty_member_id) VALUES (633, 19, 3, 171);
INSERT INTO license (id,course_id,class_type_id,faculty_member_id) VALUES (634, 19, 3, 172);
INSERT INTO license (id,course_id,class_type_id,faculty_member_id) VALUES (635, 19, 3, 173);
INSERT INTO license (id,course_id,class_type_id,faculty_member_id) VALUES (636, 19, 3, 174);
INSERT INTO license (id,course_id,class_type_id,faculty_member_id) VALUES (637, 19, 3, 175);
INSERT INTO license (id,course_id,class_type_id,faculty_member_id) VALUES (638, 19, 3, 176);
INSERT INTO license (id,course_id,class_type_id,faculty_member_id) VALUES (639, 16, 1, 177);
INSERT INTO license (id,course_id,class_type_id,faculty_member_id) VALUES (640, 23, 1, 177);
INSERT INTO license (id,course_id,class_type_id,faculty_member_id) VALUES (641, 36, 1, 177);
INSERT INTO license (id,course_id,class_type_id,faculty_member_id) VALUES (642, 16, 1, 178);
INSERT INTO license (id,course_id,class_type_id,faculty_member_id) VALUES (643, 23, 1, 178);
INSERT INTO license (id,course_id,class_type_id,faculty_member_id) VALUES (644, 36, 1, 178);
INSERT INTO license (id,course_id,class_type_id,faculty_member_id) VALUES (645, 16, 2, 179);
INSERT INTO license (id,course_id,class_type_id,faculty_member_id) VALUES (646, 23, 2, 179);
INSERT INTO license (id,course_id,class_type_id,faculty_member_id) VALUES (647, 36, 2, 179);
INSERT INTO license (id,course_id,class_type_id,faculty_member_id) VALUES (648, 16, 2, 180);
INSERT INTO license (id,course_id,class_type_id,faculty_member_id) VALUES (649, 23, 2, 180);
INSERT INTO license (id,course_id,class_type_id,faculty_member_id) VALUES (650, 36, 2, 180);
INSERT INTO license (id,course_id,class_type_id,faculty_member_id) VALUES (651, 16, 2, 181);
INSERT INTO license (id,course_id,class_type_id,faculty_member_id) VALUES (652, 23, 2, 181);
INSERT INTO license (id,course_id,class_type_id,faculty_member_id) VALUES (653, 36, 2, 181);
INSERT INTO license (id,course_id,class_type_id,faculty_member_id) VALUES (654, 16, 2, 182);
INSERT INTO license (id,course_id,class_type_id,faculty_member_id) VALUES (655, 23, 2, 182);
INSERT INTO license (id,course_id,class_type_id,faculty_member_id) VALUES (656, 36, 2, 182);
INSERT INTO license (id,course_id,class_type_id,faculty_member_id) VALUES (657, 16, 2, 183);
INSERT INTO license (id,course_id,class_type_id,faculty_member_id) VALUES (658, 23, 2, 183);
INSERT INTO license (id,course_id,class_type_id,faculty_member_id) VALUES (659, 36, 2, 183);
INSERT INTO license (id,course_id,class_type_id,faculty_member_id) VALUES (660, 16, 2, 184);
INSERT INTO license (id,course_id,class_type_id,faculty_member_id) VALUES (661, 23, 2, 184);
INSERT INTO license (id,course_id,class_type_id,faculty_member_id) VALUES (662, 36, 2, 184);
INSERT INTO license (id,course_id,class_type_id,faculty_member_id) VALUES (663, 16, 2, 185);
INSERT INTO license (id,course_id,class_type_id,faculty_member_id) VALUES (664, 23, 2, 185);
INSERT INTO license (id,course_id,class_type_id,faculty_member_id) VALUES (665, 36, 2, 185);
INSERT INTO license (id,course_id,class_type_id,faculty_member_id) VALUES (666, 16, 2, 186);
INSERT INTO license (id,course_id,class_type_id,faculty_member_id) VALUES (667, 23, 2, 186);
INSERT INTO license (id,course_id,class_type_id,faculty_member_id) VALUES (668, 36, 2, 186);
INSERT INTO license (id,course_id,class_type_id,faculty_member_id) VALUES (669, 16, 2, 187);
INSERT INTO license (id,course_id,class_type_id,faculty_member_id) VALUES (670, 23, 2, 187);
INSERT INTO license (id,course_id,class_type_id,faculty_member_id) VALUES (671, 36, 2, 187);
INSERT INTO license (id,course_id,class_type_id,faculty_member_id) VALUES (672, 16, 2, 188);
INSERT INTO license (id,course_id,class_type_id,faculty_member_id) VALUES (673, 23, 2, 188);
INSERT INTO license (id,course_id,class_type_id,faculty_member_id) VALUES (674, 36, 2, 188);
INSERT INTO license (id,course_id,class_type_id,faculty_member_id) VALUES (675, 16, 3, 189);
INSERT INTO license (id,course_id,class_type_id,faculty_member_id) VALUES (676, 23, 3, 189);
INSERT INTO license (id,course_id,class_type_id,faculty_member_id) VALUES (677, 36, 3, 189);
INSERT INTO license (id,course_id,class_type_id,faculty_member_id) VALUES (678, 16, 3, 190);
INSERT INTO license (id,course_id,class_type_id,faculty_member_id) VALUES (679, 23, 3, 190);
INSERT INTO license (id,course_id,class_type_id,faculty_member_id) VALUES (680, 36, 3, 190);
INSERT INTO license (id,course_id,class_type_id,faculty_member_id) VALUES (681, 16, 3, 191);
INSERT INTO license (id,course_id,class_type_id,faculty_member_id) VALUES (682, 23, 3, 191);
INSERT INTO license (id,course_id,class_type_id,faculty_member_id) VALUES (683, 36, 3, 191);
INSERT INTO license (id,course_id,class_type_id,faculty_member_id) VALUES (684, 16, 3, 192);
INSERT INTO license (id,course_id,class_type_id,faculty_member_id) VALUES (685, 23, 3, 192);
INSERT INTO license (id,course_id,class_type_id,faculty_member_id) VALUES (686, 36, 3, 192);
INSERT INTO license (id,course_id,class_type_id,faculty_member_id) VALUES (687, 16, 3, 193);
INSERT INTO license (id,course_id,class_type_id,faculty_member_id) VALUES (688, 23, 3, 193);
INSERT INTO license (id,course_id,class_type_id,faculty_member_id) VALUES (689, 36, 3, 193);
INSERT INTO license (id,course_id,class_type_id,faculty_member_id) VALUES (690, 16, 3, 194);
INSERT INTO license (id,course_id,class_type_id,faculty_member_id) VALUES (691, 23, 3, 194);
INSERT INTO license (id,course_id,class_type_id,faculty_member_id) VALUES (692, 36, 3, 194);
INSERT INTO license (id,course_id,class_type_id,faculty_member_id) VALUES (693, 16, 3, 195);
INSERT INTO license (id,course_id,class_type_id,faculty_member_id) VALUES (694, 23, 3, 195);
INSERT INTO license (id,course_id,class_type_id,faculty_member_id) VALUES (695, 36, 3, 195);
INSERT INTO license (id,course_id,class_type_id,faculty_member_id) VALUES (696, 16, 3, 196);
INSERT INTO license (id,course_id,class_type_id,faculty_member_id) VALUES (697, 23, 3, 196);
INSERT INTO license (id,course_id,class_type_id,faculty_member_id) VALUES (698, 36, 3, 196);
INSERT INTO license (id,course_id,class_type_id,faculty_member_id) VALUES (699, 16, 3, 197);
INSERT INTO license (id,course_id,class_type_id,faculty_member_id) VALUES (700, 23, 3, 197);
INSERT INTO license (id,course_id,class_type_id,faculty_member_id) VALUES (701, 36, 3, 197);
INSERT INTO license (id,course_id,class_type_id,faculty_member_id) VALUES (702, 16, 3, 198);
INSERT INTO license (id,course_id,class_type_id,faculty_member_id) VALUES (703, 23, 3, 198);
INSERT INTO license (id,course_id,class_type_id,faculty_member_id) VALUES (704, 36, 3, 198);
INSERT INTO license (id,course_id,class_type_id,faculty_member_id) VALUES (705, 8, 1, 221);
INSERT INTO license (id,course_id,class_type_id,faculty_member_id) VALUES (706, 24, 1, 221);
INSERT INTO license (id,course_id,class_type_id,faculty_member_id) VALUES (707, 31, 1, 221);
INSERT INTO license (id,course_id,class_type_id,faculty_member_id) VALUES (708, 33, 1, 221);
INSERT INTO license (id,course_id,class_type_id,faculty_member_id) VALUES (709, 8, 1, 222);
INSERT INTO license (id,course_id,class_type_id,faculty_member_id) VALUES (710, 24, 1, 222);
INSERT INTO license (id,course_id,class_type_id,faculty_member_id) VALUES (711, 31, 1, 222);
INSERT INTO license (id,course_id,class_type_id,faculty_member_id) VALUES (712, 33, 1, 222);
INSERT INTO license (id,course_id,class_type_id,faculty_member_id) VALUES (713, 8, 2, 223);
INSERT INTO license (id,course_id,class_type_id,faculty_member_id) VALUES (714, 24, 2, 223);
INSERT INTO license (id,course_id,class_type_id,faculty_member_id) VALUES (715, 31, 2, 223);
INSERT INTO license (id,course_id,class_type_id,faculty_member_id) VALUES (716, 33, 2, 223);
INSERT INTO license (id,course_id,class_type_id,faculty_member_id) VALUES (717, 8, 2, 224);
INSERT INTO license (id,course_id,class_type_id,faculty_member_id) VALUES (718, 24, 2, 224);
INSERT INTO license (id,course_id,class_type_id,faculty_member_id) VALUES (719, 31, 2, 224);
INSERT INTO license (id,course_id,class_type_id,faculty_member_id) VALUES (720, 33, 2, 224);
INSERT INTO license (id,course_id,class_type_id,faculty_member_id) VALUES (721, 8, 2, 225);
INSERT INTO license (id,course_id,class_type_id,faculty_member_id) VALUES (722, 24, 2, 225);
INSERT INTO license (id,course_id,class_type_id,faculty_member_id) VALUES (723, 31, 2, 225);
INSERT INTO license (id,course_id,class_type_id,faculty_member_id) VALUES (724, 33, 2, 225);
INSERT INTO license (id,course_id,class_type_id,faculty_member_id) VALUES (725, 8, 2, 226);
INSERT INTO license (id,course_id,class_type_id,faculty_member_id) VALUES (726, 24, 2, 226);
INSERT INTO license (id,course_id,class_type_id,faculty_member_id) VALUES (727, 31, 2, 226);
INSERT INTO license (id,course_id,class_type_id,faculty_member_id) VALUES (728, 33, 2, 226);
INSERT INTO license (id,course_id,class_type_id,faculty_member_id) VALUES (729, 8, 2, 227);
INSERT INTO license (id,course_id,class_type_id,faculty_member_id) VALUES (730, 24, 2, 227);
INSERT INTO license (id,course_id,class_type_id,faculty_member_id) VALUES (731, 31, 2, 227);
INSERT INTO license (id,course_id,class_type_id,faculty_member_id) VALUES (732, 33, 2, 227);
INSERT INTO license (id,course_id,class_type_id,faculty_member_id) VALUES (733, 8, 2, 228);
INSERT INTO license (id,course_id,class_type_id,faculty_member_id) VALUES (734, 24, 2, 228);
INSERT INTO license (id,course_id,class_type_id,faculty_member_id) VALUES (735, 31, 2, 228);
INSERT INTO license (id,course_id,class_type_id,faculty_member_id) VALUES (736, 33, 2, 228);
INSERT INTO license (id,course_id,class_type_id,faculty_member_id) VALUES (737, 8, 2, 229);
INSERT INTO license (id,course_id,class_type_id,faculty_member_id) VALUES (738, 24, 2, 229);
INSERT INTO license (id,course_id,class_type_id,faculty_member_id) VALUES (739, 31, 2, 229);
INSERT INTO license (id,course_id,class_type_id,faculty_member_id) VALUES (740, 33, 2, 229);
INSERT INTO license (id,course_id,class_type_id,faculty_member_id) VALUES (741, 8, 2, 230);
INSERT INTO license (id,course_id,class_type_id,faculty_member_id) VALUES (742, 24, 2, 230);
INSERT INTO license (id,course_id,class_type_id,faculty_member_id) VALUES (743, 31, 2, 230);
INSERT INTO license (id,course_id,class_type_id,faculty_member_id) VALUES (744, 33, 2, 230);
INSERT INTO license (id,course_id,class_type_id,faculty_member_id) VALUES (745, 8, 2, 231);
INSERT INTO license (id,course_id,class_type_id,faculty_member_id) VALUES (746, 24, 2, 231);
INSERT INTO license (id,course_id,class_type_id,faculty_member_id) VALUES (747, 31, 2, 231);
INSERT INTO license (id,course_id,class_type_id,faculty_member_id) VALUES (748, 33, 2, 231);
INSERT INTO license (id,course_id,class_type_id,faculty_member_id) VALUES (749, 8, 2, 232);
INSERT INTO license (id,course_id,class_type_id,faculty_member_id) VALUES (750, 24, 2, 232);
INSERT INTO license (id,course_id,class_type_id,faculty_member_id) VALUES (751, 31, 2, 232);
INSERT INTO license (id,course_id,class_type_id,faculty_member_id) VALUES (752, 33, 2, 232);
INSERT INTO license (id,course_id,class_type_id,faculty_member_id) VALUES (753, 8, 3, 233);
INSERT INTO license (id,course_id,class_type_id,faculty_member_id) VALUES (754, 24, 3, 233);
INSERT INTO license (id,course_id,class_type_id,faculty_member_id) VALUES (755, 31, 3, 233);
INSERT INTO license (id,course_id,class_type_id,faculty_member_id) VALUES (756, 33, 3, 233);
INSERT INTO license (id,course_id,class_type_id,faculty_member_id) VALUES (757, 8, 3, 234);
INSERT INTO license (id,course_id,class_type_id,faculty_member_id) VALUES (758, 24, 3, 234);
INSERT INTO license (id,course_id,class_type_id,faculty_member_id) VALUES (759, 31, 3, 234);
INSERT INTO license (id,course_id,class_type_id,faculty_member_id) VALUES (760, 33, 3, 234);
INSERT INTO license (id,course_id,class_type_id,faculty_member_id) VALUES (761, 8, 3, 235);
INSERT INTO license (id,course_id,class_type_id,faculty_member_id) VALUES (762, 24, 3, 235);
INSERT INTO license (id,course_id,class_type_id,faculty_member_id) VALUES (763, 31, 3, 235);
INSERT INTO license (id,course_id,class_type_id,faculty_member_id) VALUES (764, 33, 3, 235);
INSERT INTO license (id,course_id,class_type_id,faculty_member_id) VALUES (765, 8, 3, 236);
INSERT INTO license (id,course_id,class_type_id,faculty_member_id) VALUES (766, 24, 3, 236);
INSERT INTO license (id,course_id,class_type_id,faculty_member_id) VALUES (767, 31, 3, 236);
INSERT INTO license (id,course_id,class_type_id,faculty_member_id) VALUES (768, 33, 3, 236);
INSERT INTO license (id,course_id,class_type_id,faculty_member_id) VALUES (769, 8, 3, 237);
INSERT INTO license (id,course_id,class_type_id,faculty_member_id) VALUES (770, 24, 3, 237);
INSERT INTO license (id,course_id,class_type_id,faculty_member_id) VALUES (771, 31, 3, 237);
INSERT INTO license (id,course_id,class_type_id,faculty_member_id) VALUES (772, 33, 3, 237);
INSERT INTO license (id,course_id,class_type_id,faculty_member_id) VALUES (773, 8, 3, 238);
INSERT INTO license (id,course_id,class_type_id,faculty_member_id) VALUES (774, 24, 3, 238);
INSERT INTO license (id,course_id,class_type_id,faculty_member_id) VALUES (775, 31, 3, 238);
INSERT INTO license (id,course_id,class_type_id,faculty_member_id) VALUES (776, 33, 3, 238);
INSERT INTO license (id,course_id,class_type_id,faculty_member_id) VALUES (777, 8, 3, 239);
INSERT INTO license (id,course_id,class_type_id,faculty_member_id) VALUES (778, 24, 3, 239);
INSERT INTO license (id,course_id,class_type_id,faculty_member_id) VALUES (779, 31, 3, 239);
INSERT INTO license (id,course_id,class_type_id,faculty_member_id) VALUES (780, 33, 3, 239);
INSERT INTO license (id,course_id,class_type_id,faculty_member_id) VALUES (781, 8, 3, 240);
INSERT INTO license (id,course_id,class_type_id,faculty_member_id) VALUES (782, 24, 3, 240);
INSERT INTO license (id,course_id,class_type_id,faculty_member_id) VALUES (783, 31, 3, 240);
INSERT INTO license (id,course_id,class_type_id,faculty_member_id) VALUES (784, 33, 3, 240);
INSERT INTO license (id,course_id,class_type_id,faculty_member_id) VALUES (785, 8, 3, 241);
INSERT INTO license (id,course_id,class_type_id,faculty_member_id) VALUES (786, 24, 3, 241);
INSERT INTO license (id,course_id,class_type_id,faculty_member_id) VALUES (787, 31, 3, 241);
INSERT INTO license (id,course_id,class_type_id,faculty_member_id) VALUES (788, 33, 3, 241);
INSERT INTO license (id,course_id,class_type_id,faculty_member_id) VALUES (789, 8, 3, 242);
INSERT INTO license (id,course_id,class_type_id,faculty_member_id) VALUES (790, 24, 3, 242);
INSERT INTO license (id,course_id,class_type_id,faculty_member_id) VALUES (791, 31, 3, 242);
INSERT INTO license (id,course_id,class_type_id,faculty_member_id) VALUES (792, 33, 3, 242);
INSERT INTO license (id,course_id,class_type_id,faculty_member_id) VALUES (793, 1, 1, 243);
INSERT INTO license (id,course_id,class_type_id,faculty_member_id) VALUES (794, 5, 1, 243);
INSERT INTO license (id,course_id,class_type_id,faculty_member_id) VALUES (795, 9, 1, 243);
INSERT INTO license (id,course_id,class_type_id,faculty_member_id) VALUES (796, 1, 1, 244);
INSERT INTO license (id,course_id,class_type_id,faculty_member_id) VALUES (797, 5, 1, 244);
INSERT INTO license (id,course_id,class_type_id,faculty_member_id) VALUES (798, 9, 1, 244);
INSERT INTO license (id,course_id,class_type_id,faculty_member_id) VALUES (799, 1, 2, 245);
INSERT INTO license (id,course_id,class_type_id,faculty_member_id) VALUES (800, 5, 2, 245);
INSERT INTO license (id,course_id,class_type_id,faculty_member_id) VALUES (801, 9, 2, 245);
INSERT INTO license (id,course_id,class_type_id,faculty_member_id) VALUES (802, 1, 2, 246);
INSERT INTO license (id,course_id,class_type_id,faculty_member_id) VALUES (803, 5, 2, 246);
INSERT INTO license (id,course_id,class_type_id,faculty_member_id) VALUES (804, 9, 2, 246);
INSERT INTO license (id,course_id,class_type_id,faculty_member_id) VALUES (805, 1, 2, 247);
INSERT INTO license (id,course_id,class_type_id,faculty_member_id) VALUES (806, 5, 2, 247);
INSERT INTO license (id,course_id,class_type_id,faculty_member_id) VALUES (807, 9, 2, 247);
INSERT INTO license (id,course_id,class_type_id,faculty_member_id) VALUES (808, 1, 2, 248);
INSERT INTO license (id,course_id,class_type_id,faculty_member_id) VALUES (809, 5, 2, 248);
INSERT INTO license (id,course_id,class_type_id,faculty_member_id) VALUES (810, 9, 2, 248);
INSERT INTO license (id,course_id,class_type_id,faculty_member_id) VALUES (811, 1, 2, 249);
INSERT INTO license (id,course_id,class_type_id,faculty_member_id) VALUES (812, 5, 2, 249);
INSERT INTO license (id,course_id,class_type_id,faculty_member_id) VALUES (813, 9, 2, 249);
INSERT INTO license (id,course_id,class_type_id,faculty_member_id) VALUES (814, 1, 2, 250);
INSERT INTO license (id,course_id,class_type_id,faculty_member_id) VALUES (815, 5, 2, 250);
INSERT INTO license (id,course_id,class_type_id,faculty_member_id) VALUES (816, 9, 2, 250);
INSERT INTO license (id,course_id,class_type_id,faculty_member_id) VALUES (817, 1, 2, 251);
INSERT INTO license (id,course_id,class_type_id,faculty_member_id) VALUES (818, 5, 2, 251);
INSERT INTO license (id,course_id,class_type_id,faculty_member_id) VALUES (819, 9, 2, 251);
INSERT INTO license (id,course_id,class_type_id,faculty_member_id) VALUES (820, 1, 2, 252);
INSERT INTO license (id,course_id,class_type_id,faculty_member_id) VALUES (821, 5, 2, 252);
INSERT INTO license (id,course_id,class_type_id,faculty_member_id) VALUES (822, 9, 2, 252);
INSERT INTO license (id,course_id,class_type_id,faculty_member_id) VALUES (823, 1, 2, 253);
INSERT INTO license (id,course_id,class_type_id,faculty_member_id) VALUES (824, 5, 2, 253);
INSERT INTO license (id,course_id,class_type_id,faculty_member_id) VALUES (825, 9, 2, 253);
INSERT INTO license (id,course_id,class_type_id,faculty_member_id) VALUES (826, 1, 2, 254);
INSERT INTO license (id,course_id,class_type_id,faculty_member_id) VALUES (827, 5, 2, 254);
INSERT INTO license (id,course_id,class_type_id,faculty_member_id) VALUES (828, 9, 2, 254);
INSERT INTO license (id,course_id,class_type_id,faculty_member_id) VALUES (829, 1, 3, 255);
INSERT INTO license (id,course_id,class_type_id,faculty_member_id) VALUES (830, 5, 3, 255);
INSERT INTO license (id,course_id,class_type_id,faculty_member_id) VALUES (831, 9, 3, 255);
INSERT INTO license (id,course_id,class_type_id,faculty_member_id) VALUES (832, 1, 3, 256);
INSERT INTO license (id,course_id,class_type_id,faculty_member_id) VALUES (833, 5, 3, 256);
INSERT INTO license (id,course_id,class_type_id,faculty_member_id) VALUES (834, 9, 3, 256);
INSERT INTO license (id,course_id,class_type_id,faculty_member_id) VALUES (835, 1, 3, 257);
INSERT INTO license (id,course_id,class_type_id,faculty_member_id) VALUES (836, 5, 3, 257);
INSERT INTO license (id,course_id,class_type_id,faculty_member_id) VALUES (837, 9, 3, 257);
INSERT INTO license (id,course_id,class_type_id,faculty_member_id) VALUES (838, 1, 3, 258);
INSERT INTO license (id,course_id,class_type_id,faculty_member_id) VALUES (839, 5, 3, 258);
INSERT INTO license (id,course_id,class_type_id,faculty_member_id) VALUES (840, 9, 3, 258);
INSERT INTO license (id,course_id,class_type_id,faculty_member_id) VALUES (841, 1, 3, 259);
INSERT INTO license (id,course_id,class_type_id,faculty_member_id) VALUES (842, 5, 3, 259);
INSERT INTO license (id,course_id,class_type_id,faculty_member_id) VALUES (843, 9, 3, 259);
INSERT INTO license (id,course_id,class_type_id,faculty_member_id) VALUES (844, 1, 3, 260);
INSERT INTO license (id,course_id,class_type_id,faculty_member_id) VALUES (845, 5, 3, 260);
INSERT INTO license (id,course_id,class_type_id,faculty_member_id) VALUES (846, 9, 3, 260);
INSERT INTO license (id,course_id,class_type_id,faculty_member_id) VALUES (847, 1, 3, 261);
INSERT INTO license (id,course_id,class_type_id,faculty_member_id) VALUES (848, 5, 3, 261);
INSERT INTO license (id,course_id,class_type_id,faculty_member_id) VALUES (849, 9, 3, 261);
INSERT INTO license (id,course_id,class_type_id,faculty_member_id) VALUES (850, 1, 3, 262);
INSERT INTO license (id,course_id,class_type_id,faculty_member_id) VALUES (851, 5, 3, 262);
INSERT INTO license (id,course_id,class_type_id,faculty_member_id) VALUES (852, 9, 3, 262);
INSERT INTO license (id,course_id,class_type_id,faculty_member_id) VALUES (853, 1, 3, 263);
INSERT INTO license (id,course_id,class_type_id,faculty_member_id) VALUES (854, 5, 3, 263);
INSERT INTO license (id,course_id,class_type_id,faculty_member_id) VALUES (855, 9, 3, 263);
INSERT INTO license (id,course_id,class_type_id,faculty_member_id) VALUES (856, 1, 3, 264);
INSERT INTO license (id,course_id,class_type_id,faculty_member_id) VALUES (857, 5, 3, 264);
INSERT INTO license (id,course_id,class_type_id,faculty_member_id) VALUES (858, 9, 3, 264);
INSERT INTO license (id,course_id,class_type_id,faculty_member_id) VALUES (859, 4, 1, 265);
INSERT INTO license (id,course_id,class_type_id,faculty_member_id) VALUES (860, 7, 1, 265);
INSERT INTO license (id,course_id,class_type_id,faculty_member_id) VALUES (861, 12, 1, 265);
INSERT INTO license (id,course_id,class_type_id,faculty_member_id) VALUES (862, 4, 1, 266);
INSERT INTO license (id,course_id,class_type_id,faculty_member_id) VALUES (863, 7, 1, 266);
INSERT INTO license (id,course_id,class_type_id,faculty_member_id) VALUES (864, 12, 1, 266);
INSERT INTO license (id,course_id,class_type_id,faculty_member_id) VALUES (865, 4, 2, 267);
INSERT INTO license (id,course_id,class_type_id,faculty_member_id) VALUES (866, 7, 2, 267);
INSERT INTO license (id,course_id,class_type_id,faculty_member_id) VALUES (867, 12, 2, 267);
INSERT INTO license (id,course_id,class_type_id,faculty_member_id) VALUES (868, 4, 2, 268);
INSERT INTO license (id,course_id,class_type_id,faculty_member_id) VALUES (869, 7, 2, 268);
INSERT INTO license (id,course_id,class_type_id,faculty_member_id) VALUES (870, 12, 2, 268);
INSERT INTO license (id,course_id,class_type_id,faculty_member_id) VALUES (871, 4, 2, 269);
INSERT INTO license (id,course_id,class_type_id,faculty_member_id) VALUES (872, 7, 2, 269);
INSERT INTO license (id,course_id,class_type_id,faculty_member_id) VALUES (873, 12, 2, 269);
INSERT INTO license (id,course_id,class_type_id,faculty_member_id) VALUES (874, 4, 2, 270);
INSERT INTO license (id,course_id,class_type_id,faculty_member_id) VALUES (875, 7, 2, 270);
INSERT INTO license (id,course_id,class_type_id,faculty_member_id) VALUES (876, 12, 2, 270);
INSERT INTO license (id,course_id,class_type_id,faculty_member_id) VALUES (877, 4, 2, 271);
INSERT INTO license (id,course_id,class_type_id,faculty_member_id) VALUES (878, 7, 2, 271);
INSERT INTO license (id,course_id,class_type_id,faculty_member_id) VALUES (879, 12, 2, 271);
INSERT INTO license (id,course_id,class_type_id,faculty_member_id) VALUES (880, 4, 2, 272);
INSERT INTO license (id,course_id,class_type_id,faculty_member_id) VALUES (881, 7, 2, 272);
INSERT INTO license (id,course_id,class_type_id,faculty_member_id) VALUES (882, 12, 2, 272);
INSERT INTO license (id,course_id,class_type_id,faculty_member_id) VALUES (883, 4, 2, 273);
INSERT INTO license (id,course_id,class_type_id,faculty_member_id) VALUES (884, 7, 2, 273);
INSERT INTO license (id,course_id,class_type_id,faculty_member_id) VALUES (885, 12, 2, 273);
INSERT INTO license (id,course_id,class_type_id,faculty_member_id) VALUES (886, 4, 2, 274);
INSERT INTO license (id,course_id,class_type_id,faculty_member_id) VALUES (887, 7, 2, 274);
INSERT INTO license (id,course_id,class_type_id,faculty_member_id) VALUES (888, 12, 2, 274);
INSERT INTO license (id,course_id,class_type_id,faculty_member_id) VALUES (889, 4, 2, 275);
INSERT INTO license (id,course_id,class_type_id,faculty_member_id) VALUES (890, 7, 2, 275);
INSERT INTO license (id,course_id,class_type_id,faculty_member_id) VALUES (891, 12, 2, 275);
INSERT INTO license (id,course_id,class_type_id,faculty_member_id) VALUES (892, 4, 2, 276);
INSERT INTO license (id,course_id,class_type_id,faculty_member_id) VALUES (893, 7, 2, 276);
INSERT INTO license (id,course_id,class_type_id,faculty_member_id) VALUES (894, 12, 2, 276);
INSERT INTO license (id,course_id,class_type_id,faculty_member_id) VALUES (895, 4, 3, 277);
INSERT INTO license (id,course_id,class_type_id,faculty_member_id) VALUES (896, 7, 3, 277);
INSERT INTO license (id,course_id,class_type_id,faculty_member_id) VALUES (897, 12, 3, 277);
INSERT INTO license (id,course_id,class_type_id,faculty_member_id) VALUES (898, 4, 3, 278);
INSERT INTO license (id,course_id,class_type_id,faculty_member_id) VALUES (899, 7, 3, 278);
INSERT INTO license (id,course_id,class_type_id,faculty_member_id) VALUES (900, 12, 3, 278);
INSERT INTO license (id,course_id,class_type_id,faculty_member_id) VALUES (901, 4, 3, 279);
INSERT INTO license (id,course_id,class_type_id,faculty_member_id) VALUES (902, 7, 3, 279);
INSERT INTO license (id,course_id,class_type_id,faculty_member_id) VALUES (903, 12, 3, 279);
INSERT INTO license (id,course_id,class_type_id,faculty_member_id) VALUES (904, 4, 3, 280);
INSERT INTO license (id,course_id,class_type_id,faculty_member_id) VALUES (905, 7, 3, 280);
INSERT INTO license (id,course_id,class_type_id,faculty_member_id) VALUES (906, 12, 3, 280);
INSERT INTO license (id,course_id,class_type_id,faculty_member_id) VALUES (907, 4, 3, 281);
INSERT INTO license (id,course_id,class_type_id,faculty_member_id) VALUES (908, 7, 3, 281);
INSERT INTO license (id,course_id,class_type_id,faculty_member_id) VALUES (909, 12, 3, 281);
INSERT INTO license (id,course_id,class_type_id,faculty_member_id) VALUES (910, 4, 3, 282);
INSERT INTO license (id,course_id,class_type_id,faculty_member_id) VALUES (911, 7, 3, 282);
INSERT INTO license (id,course_id,class_type_id,faculty_member_id) VALUES (912, 12, 3, 282);
INSERT INTO license (id,course_id,class_type_id,faculty_member_id) VALUES (913, 4, 3, 283);
INSERT INTO license (id,course_id,class_type_id,faculty_member_id) VALUES (914, 7, 3, 283);
INSERT INTO license (id,course_id,class_type_id,faculty_member_id) VALUES (915, 12, 3, 283);
INSERT INTO license (id,course_id,class_type_id,faculty_member_id) VALUES (916, 4, 3, 284);
INSERT INTO license (id,course_id,class_type_id,faculty_member_id) VALUES (917, 7, 3, 284);
INSERT INTO license (id,course_id,class_type_id,faculty_member_id) VALUES (918, 12, 3, 284);
INSERT INTO license (id,course_id,class_type_id,faculty_member_id) VALUES (919, 4, 3, 285);
INSERT INTO license (id,course_id,class_type_id,faculty_member_id) VALUES (920, 7, 3, 285);
INSERT INTO license (id,course_id,class_type_id,faculty_member_id) VALUES (921, 12, 3, 285);
INSERT INTO license (id,course_id,class_type_id,faculty_member_id) VALUES (922, 4, 3, 286);
INSERT INTO license (id,course_id,class_type_id,faculty_member_id) VALUES (923, 7, 3, 286);
INSERT INTO license (id,course_id,class_type_id,faculty_member_id) VALUES (924, 12, 3, 286);
